1,com
2,net
3,org
4,googleapis.com
5,io
6,co
7,elb.amazonaws.com
8,tv
9,s3.amazonaws.com
10,ru
11,goog
12,me
13,cn
14,us-east-1.amazonaws.com
15,us
16,appspot.com
17,ms
18,de
19,uk
20,info
21,co.uk
22,gov
23,map.fastly.net
24,st
25,pl
26,fi
27,jp
28,ua
29,eu
30,mobi
31,cloudapp.net
32,ly
33,fr
34,news
35,it
36,to
37,azurewebsites.net
38,ca
39,biz
40,com.ua
41,nl
42,in
43,vn
44,elasticbeanstalk.com
45,ai
46,global.ssl.fastly.net
47,xyz
48,edu
49,cc
50,s3-us-west-2.amazonaws.com
51,githubusercontent.com
52,tumblr.com
53,link
54,com.cn
55,club
56,fastlylb.net
57,es
58,cloud
59,media
60,be
61,im
62,pro
63,sg
64,map.fastlylb.net
65,gg
66,com.vn
67,us-east-1.elasticbeanstalk.com
68,br
69,blogspot.com
70,com.br
71,ch
72,au
73,online
74,mx
75,com.au
76,herokuapp.com
77,se
78,kr
79,tech
80,tr
81,co.kr
82,app
83,am
84,gl
85,s3-eu-west-1.amazonaws.com
86,com.tr
87,org.cn
88,id
89,com.mx
90,site
91,tw
92,pw
93,fm
94,co.jp
95,la
96,tk
97,hk
98,top
99,video
100,nz
101,asia
102,market
103,dyndns.org
104,sx
105,co.in
106,co.nz
107,network
108,rsc.cdn77.org
109,com.tw
110,at
111,my
112,ws
113,bid
114,com.hk
115,cz
116,is
117,su
118,dk
119,ir
120,jobs
121,pt
122,co.za
123,gr
124,by
125,no
126,email
127,github.io
128,re
129,ag
130,ro
131,lt
132,edu.cn
133,il
134,com.ru
135,th
136,hu
137,report
138,ar
139,ie
140,co.il
141,s3.us-east-2.amazonaws.com
142,live
143,s3-us-west-1.amazonaws.com
144,s3.eu-central-1.amazonaws.com
145,co.id
146,host
147,com.ar
148,co.th
149,pe
150,com.my
151,li
152,com.sg
153,s3-external-1.amazonaws.com
154,ec
155,space
156,s3.dualstack.eu-west-1.amazonaws.com
157,arpa
158,ne.jp
159,ph
160,life
161,name
162,cl
163,apps.fbsbx.com
164,eg
165,sk
166,ae
167,com.eg
168,si
169,services
170,click
171,gov.br
172,stream
173,works
174,org.uk
175,mil
176,kz
177,com.co
178,cloudfunctions.net
179,software
180,world
181,chat
182,sh
183,box
184,digital
185,lu
186,pn
187,s3-ap-southeast-1.amazonaws.com
188,net.uk
189,systems
190,com.ec
191,us-west-2.elasticbeanstalk.com
192,ga
193,bz
194,com.ph
195,md
196,icu
197,today
198,ac.uk
199,pk
200,watch
201,tc
202,lv
203,ve
204,net.vn
205,ee
206,withgoogle.com
207,xxx
208,cf
209,win
210,net.id
211,nu
212,s3-website-us-east-1.amazonaws.com
213,ddns.net
214,aero
215,dz
216,firebaseapp.com
217,hn
218,one
219,guru
220,com.pe
221,net.cn
222,gov.uk
223,solutions
224,ac
225,gov.cn
226,bg
227,ad
228,support
229,al
230,in.ua
231,gt
232,eu-west-1.elasticbeanstalk.com
233,pub
234,do
235,cr
236,xn--p1ai
237,management
238,website
239,ge
240,rs
241,travel
242,fun
243,zone
244,store
245,edu.vn
246,googlecode.com
247,plus
248,com.pk
249,ml
250,az
251,kg
252,rocks
253,net.ua
254,cx
255,net.au
256,de.com
257,dattolocal.net
258,uz
259,download
260,uy
261,events
262,hr
263,af
264,gov.tr
265,sc
266,myqnapcloud.com
267,so
268,tm
269,co.ve
270,gob.mx
271,tj
272,sa
273,games
274,tt
275,vc
276,com.uy
277,vip
278,ng
279,net.br
280,com.af
281,py
282,com.pl
283,cat
284,s3-ap-northeast-1.amazonaws.com
285,as
286,int
287,kiev.ua
288,dm
289,edu.tw
290,eu.org
291,com.py
292,pics
293,ninja
294,bd
295,global
296,net.co
297,cm
298,cool
299,elb.amazonaws.com.cn
300,org.ec
301,work
302,gov.in
303,ovh
304,gov.hk
305,lk
306,ba
307,ma
308,run
309,shop
310,company
311,org.ua
312,review
313,us.com
314,com.ve
315,netlify.com
316,kh
317,sinaapp.com
318,com.ge
319,np
320,trade
321,or.jp
322,ooo
323,technology
324,ke
325,s3.ap-south-1.amazonaws.com
326,press
327,tn
328,com.sa
329,in.th
330,yandex
331,herokussl.com
332,co.ke
333,pr
334,com.gt
335,tl
336,wtf
337,gc.ca
338,com.do
339,onl
340,edu.au
341,com.ng
342,gov.tw
343,buzz
344,qc.ca
345,cy
346,c.cdn77.org
347,co.cr
348,ac.id
349,sv
350,gov.my
351,moe
352,center
353,edu.tr
354,tools
355,supply
356,spb.ru
357,gq
358,blog
359,party
360,qa
361,duckdns.org
362,mn
363,pink
364,gov.ua
365,com.cy
366,co.hu
367,gov.vn
368,car
369,go.id
370,mt
371,gs
372,pa
373,ltd
374,org.au
375,gov.au
376,pantheonsite.io
377,coop
378,date
379,mk
380,ug
381,ac.jp
382,ki
383,wf
384,lb
385,pp.ua
386,ps
387,com.pa
388,wiki
389,or.kr
390,ni
391,a.ssl.fastly.net
392,org.mx
393,om
394,wixsite.com
395,iq
396,edu.hk
397,com.gr
398,s3.eu-west-2.amazonaws.com
399,com.bz
400,eu.com
401,freetls.fastly.net
402,nhs.uk
403,com.sv
404,bet
405,no-ip.org
406,bo
407,com.mt
408,net.mx
409,org.br
410,tx.us
411,gy
412,mz
413,agency
414,ad.jp
415,dn.ua
416,mu
417,pm
418,net.pl
419,net.tr
420,service.gov.uk
421,men
422,bar
423,on.ca
424,vg
425,love
426,cd
427,gouv.fr
428,ca.us
429,edu.pl
430,nf
431,sm
432,mn.us
433,exchange
434,mp
435,tf
436,s3-website-us-west-2.amazonaws.com
437,com.pr
438,sexy
439,gold
440,com.qa
441,net.my
442,cu
443,org.vn
444,zw
445,org.ru
446,pg
447,com.lb
448,gov.co
449,jo
450,ao
451,science
452,fl.us
453,group
454,ac.kr
455,ac.in
456,ru.com
457,studio
458,net.pk
459,org.tr
460,ac.th
461,ac.cn
462,ga.us
463,com.ni
464,ac.cr
465,org.il
466,edu.co
467,delivery
468,s3-website-eu-west-1.amazonaws.com
469,mine.nu
470,nyc
471,kw
472,ne
473,tips
474,eu-central-1.elasticbeanstalk.com
475,edu.my
476,cash
477,nic.in
478,s3-ap-southeast-2.amazonaws.com
479,ht
480,expert
481,tube
482,com.bo
483,com.es
484,homeip.net
485,zapto.org
486,racing
487,hopto.org
488,org.tw
489,audio
490,no-ip.info
491,us-east-2.elasticbeanstalk.com
492,uk.com
493,porn
494,co.zw
495,dnsalias.com
496,ren
497,or.us
498,gob.ec
499,gdn
500,tz
501,red
502,co.mz
503,jm
504,ci
505,web.id
506,s3-sa-east-1.amazonaws.com
507,sb
508,edu.sg
509,sky
510,s3-ap-south-1.amazonaws.com
511,sn
512,gov.ru
513,s3-eu-central-1.amazonaws.com
514,ink
515,ac.ir
516,net.il
517,mm
518,jus.br
519,gd
520,net.tw
521,com.kw
522,gh
523,webcam
524,dyndns.biz
525,go.th
526,applinzi.com
527,photos
528,bi
529,mg
530,me.uk
531,direct
532,bn
533,social
534,co.tz
535,eu-west-2.elasticbeanstalk.com
536,marketing
537,no-ip.biz
538,ac.il
539,co.ug
540,je
541,et
542,care
543,money
544,getmyip.com
545,org.nz
546,bw
547,ac.at
548,net.in
549,na
550,go.jp
551,gov.ar
552,dp.ua
553,team
554,lviv.ua
555,synology.me
556,in.us
557,kozow.com
558,net.sa
559,ac.za
560,best
561,mv
562,bs
563,design
564,vn.ua
565,in-addr.arpa
566,bh
567,bc.ca
568,co.at
569,gm
570,com.gh
571,movie
572,us-west-1.elasticbeanstalk.com
573,org.ve
574,city
575,pa.us
576,gov.pl
577,org.in
578,sytes.net
579,in.net
580,ls
581,mi.us
582,edu.ar
583,global.prod.fastly.net
584,ac.rs
585,s3-website.eu-central-1.amazonaws.com
586,co.ao
587,guide
588,ny.us
589,com.bn
590,adult
591,edu.br
592,faith
593,org.pl
594,zp.ua
595,edu.mx
596,lol
597,bike
598,s3.dualstack.us-east-1.amazonaws.com
599,vu
600,google
601,rip
602,help
603,sex
604,sl
605,co.ls
606,gov.it
607,gob.ve
608,gov.ph
609,dyndns.tv
610,net.ar
611,aws
612,com.om
613,gi
614,msk.ru
615,s3.ap-northeast-2.amazonaws.com
616,or.th
617,com.de
618,net.nz
619,nj.us
620,k12.in.us
621,edu.ua
622,k12.ca.us
623,lat
624,sch.uk
625,or.id
626,il.us
627,edu.pk
628,gob.pe
629,gov.il
630,ha.cn
631,wi.us
632,od.ua
633,dj
634,photo
635,fj
636,ap-northeast-1.elasticbeanstalk.com
637,gift
638,uno
639,ma.us
640,go.kr
641,cafe
642,rw
643,menu
644,com.pt
645,bt
646,loan
647,nc.us
648,net.ru
649,com.bh
650,church
651,fo
652,s3.dualstack.ap-southeast-1.amazonaws.com
653,kicks-ass.net
654,here
655,oh.us
656,tel
657,discount
658,edu.pe
659,s3.cn-north-1.amazonaws.com.cn
660,co.ma
661,gov.sg
662,bj
663,net.ve
664,k12.or.us
665,tokyo
666,blogspot.ca
667,kim
668,land
669,zm
670,london
671,va.us
672,co.bw
673,com.et
674,ac.nz
675,gp
676,fyi
677,dhl
678,s3-us-east-2.amazonaws.com
679,edu.ec
680,org.za
681,k12.mn.us
682,blogspot.co.uk
683,co.gg
684,mw
685,com.hn
686,gen.tr
687,s3.ca-central-1.amazonaws.com
688,azure-mobile.net
689,farm
690,blogspot.co.id
691,biz.ua
692,edu.sa
693,org.hk
694,ab.ca
695,bank
696,kharkov.ua
697,lg.ua
698,sr
699,com.sl
700,gov.ae
701,sp.gov.br
702,rest
703,sale
704,ist
705,coffee
706,tg
707,film
708,net.za
709,eus
710,td
711,academy
712,wang
713,nc
714,co.ua
715,redirectme.net
716,express
717,dev
718,net.sg
719,org.ar
720,blogspot.in
721,vi
722,com.na
723,psi.br
724,pet
725,bf
726,cv
727,waw.pl
728,com.mk
729,lc
730,org.eg
731,com.vc
732,deals
733,dyndns.info
734,gov.sa
735,blogspot.com.es
736,k12.fl.us
737,sch.id
738,mo
739,ac.be
740,dynu.net
741,myfritz.net
742,rhcloud.com
743,sh.cn
744,nr
745,style
746,ck
747,govt.nz
748,gx.cn
749,community
750,net.ae
751,edu.ng
752,com.ag
753,gv.at
754,gitlab.io
755,pictures
756,gda.pl
757,co.zm
758,s3-website-us-west-1.amazonaws.com
759,s3.eu-west-3.amazonaws.com
760,inf.br
761,poznan.pl
762,pr.gov.br
763,org.my
764,loginto.me
765,bit
766,gratis
767,international
768,taxi
769,gov.pk
770,kh.ua
771,bm
772,vic.edu.au
773,museum
774,art
775,business
776,edu.in
777,k12.wi.us
778,yolasite.com
779,if.ua
780,office
781,gob.ar
782,edu.eg
783,com.ly
784,noip.me
785,blogspot.fr
786,sncf
787,education
788,blue
789,co.uz
790,k12.mi.us
791,ind.in
792,com.hr
793,ia.us
794,com.sb
795,biz.id
796,hosting
797,cg
798,ky
799,vic.gov.au
800,cricket
801,gov.za
802,paris
803,com.cu
804,blogspot.com.br
805,la.us
806,supplies
807,ap-northeast-2.elasticbeanstalk.com
808,co.vi
809,game
810,com.ai
811,k12.ga.us
812,leclerc
813,mus.br
814,gov.cl
815,co.us
816,k12.va.us
817,blog.br
818,md.us
819,com.gi
820,fit
821,scot
822,gov.pt
823,now.sh
824,gifts
825,vet
826,bb
827,ath.cx
828,bplaced.net
829,odessa.ua
830,wa.us
831,edu.ph
832,yt
833,show
834,football
835,ap-southeast-1.elasticbeanstalk.com
836,accountant
837,co.tt
838,sy
839,wa.edu.au
840,sd
841,blogspot.de
842,dog
843,istanbul
844,bel.tr
845,gov.eg
846,gob.sv
847,photography
848,hopto.me
849,ind.br
850,cab
851,id.au
852,energy
853,rv.ua
854,com.tj
855,biz.vn
856,info.pl
857,adv.br
858,blogspot.mx
859,k12.nc.us
860,moscow
861,consulting
862,go.cr
863,co.rs
864,house
865,gallery
866,gotdns.com
867,gov.ng
868,com.nf
869,org.co
870,hm
871,va
872,mo.us
873,tax
874,ltd.uk
875,bio
876,s3-ca-central-1.amazonaws.com
877,onion
878,net.lb
879,post
880,re.kr
881,ddns.me
882,asso.fr
883,remotewd.com
884,srv.br
885,uk.net
886,k12.tr
887,careers
888,cam
889,cloud.fedoraproject.org
890,earth
891,s3-eu-west-2.amazonaws.com
892,com.tn
893,org.sg
894,gob.es
895,ks.ua
896,pf
897,mb.ca
898,k12.oh.us
899,cn.com
900,blogspot.ru
901,pl.ua
902,s3-website-ap-southeast-1.amazonaws.com
903,training
904,partners
905,web.tr
906,debian.net
907,cw
908,te.ua
909,directory
910,ns.ca
911,gov.mz
912,net.hk
913,xin
914,pharmacy
915,id.us
916,idv.tw
917,domains
918,wa.gov.au
919,sumy.ua
920,edu.uy
921,gub.uy
922,vision
923,eco
924,nm.us
925,wales
926,amsterdam
927,fi.cr
928,qld.gov.au
929,ventures
930,gov.by
931,k12.pa.us
932,blogspot.it
933,cisco
934,org.pk
935,ac.lk
936,school
937,ed.jp
938,toscana.it
939,dyndns.ws
940,wmflabs.org
941,sc.us
942,edu.ru
943,k12.nj.us
944,net.eg
945,sap
946,engineering
947,eti.br
948,blogspot.com.au
949,blogspot.nl
950,br.com
951,dreamhosters.com
952,k12.mo.us
953,mk.ua
954,realtor
955,uberspace.de
956,foundation
957,gal
958,homeoffice.gov.uk
959,com.jo
960,gob.cl
961,n4t.co
962,nsw.edu.au
963,piemonte.it
964,go.ke
965,reviews
966,df.gov.br
967,gr.jp
968,police.uk
969,berlin
970,codes
971,tj.cn
972,tv.br
973,xn--p1acf
974,az.us
975,my.id
976,platform.sh
977,ngrok.io
978,blogspot.com.tr
979,org.sa
980,al.us
981,pizza
982,university
983,co.com
984,dynv6.net
985,k12.la.us
986,rs.gov.br
987,gob.ni
988,org.es
989,tur.br
990,myftp.org
991,kr.ua
992,vin
993,selfip.com
994,cn.ua
995,k12.ia.us
996,cheap
997,gob.do
998,cards
999,cv.ua
1000,net.do
1001,k12.ny.us
1002,mg.gov.br
1003,szczecin.pl
1004,fail
1005,town
1006,kommune.no
1007,ac.ke
1008,beer
1009,krakow.pl
1010,xn--j1amh
1011,webhop.net
1012,ln.cn
1013,legal
1014,mc
1015,net.th
1016,gov.kz
1017,lutsk.ua
1018,law
1019,ok.us
1020,us.org
1021,ct.us
1022,wroc.pl
1023,asn.au
1024,org.mt
1025,pp.ru
1026,swiss
1027,xn--80asehdb
1028,band
1029,bloxcms.com
1030,casino
1031,ms.us
1032,bnpparibas
1033,myvnc.com
1034,myds.me
1035,finance
1036,org.py
1037,res.in
1038,k12.il.us
1039,quebec
1040,co.na
1041,army
1042,dating
1043,place
1044,me.us
1045,camera
1046,k12.id.us
1047,ar.us
1048,capital
1049,ac.ae
1050,sk.ca
1051,spdns.de
1052,golf
1053,fitness
1054,s3-us-gov-west-1.amazonaws.com
1055,casa
1056,gov.mo
1057,myftp.biz
1058,solar
1059,compute.amazonaws.com
1060,edu.ve
1061,gov.qa
1062,limited
1063,blogspot.com.eg
1064,ck.ua
1065,gov.af
1066,ac.ug
1067,coach
1068,koeln
1069,serveftp.com
1070,com.iq
1071,fund
1072,servehttp.com
1073,amex
1074,gob.gt
1075,k12.ma.us
1076,net.ba
1077,go.ug
1078,ac.zw
1079,black
1080,dynalias.com
1081,tv.tr
1082,dvrdns.org
1083,graphics
1084,net.pe
1085,diet
1086,k12.co.us
1087,com.al
1088,blogspot.gr
1089,boutique
1090,gov.do
1091,gov.ir
1092,or.at
1093,edu.et
1094,edu.lb
1095,lg.jp
1096,dnsalias.net
1097,ads
1098,org.ng
1099,s3.dualstack.ap-northeast-1.amazonaws.com
1100,donetsk.ua
1101,kiwi
1102,selfip.net
1103,gov.lv
1104,build
1105,nv.us
1106,institute
1107,myjino.ru
1108,ski
1109,ap-south-1.elasticbeanstalk.com
1110,how
1111,gv.ao
1112,sc.gov.br
1113,vegas
1114,keymachine.de
1115,k12.sc.us
1116,mo.it
1117,ax
1118,fish
1119,haus
1120,promo
1121,blogspot.tw
1122,servebeer.com
1123,org.pe
1124,glass
1125,poker
1126,edu.do
1127,uz.ua
1128,ky.us
1129,dance
1130,green
1131,rj.gov.br
1132,canon
1133,js.org
1134,co.ir
1135,net.ni
1136,africa
1137,b.ssl.fastly.net
1138,art.br
1139,com.mo
1140,de.us
1141,edu.iq
1142,med.br
1143,ut.us
1144,gov.gi
1145,blogspot.com.ar
1146,com.ro
1147,pe.kr
1148,caspio.com
1149,cloudaccess.net
1150,dyndns-ip.com
1151,blogspot.jp
1152,sa.gov.au
1153,edu.om
1154,fi.it
1155,gd.cn
1156,null
1157,net.kg
1158,nh.us
1159,plc.uk
1160,kitchen
1161,wine
1162,family
1163,garden
1164,maori.nz
1165,biz.tr
1166,gov.az
1167,km.ua
1168,gov.gr
1169,com.bt
1170,es.gov.br
1171,edu.jo
1172,fashion
1173,bayern
1174,recipes
1175,blackbaudcdn.net
1176,clinic
1177,cu.cc
1178,vote
1179,pro.br
1180,ba.gov.br
1181,pa.gov.br
1182,sd.cn
1183,frl
1184,js.cn
1185,servegame.com
1186,edu.af
1187,org.ph
1188,toys
1189,alwaysdata.net
1190,brussels
1191,s3-website-ap-southeast-2.amazonaws.com
1192,blogspot.my
1193,healthcare
1194,shopping
1195,tours
1196,uol
1197,bzh
1198,no-ip.net
1199,or.ke
1200,desi
1201,camp
1202,com.kz
1203,org.rs
1204,s3-website-ap-northeast-1.amazonaws.com
1205,edu.gr
1206,hamburg
1207,webhop.org
1208,wy.us
1209,bounceme.net
1210,eng.br
1211,tattoo
1212,gob.pa
1213,k12.az.us
1214,sony
1215,wroclaw.pl
1216,nrw
1217,edu.sv
1218,likescandy.com
1219,ltda
1220,net.mk
1221,mr
1222,gov.ma
1223,immo
1224,org.bw
1225,shoes
1226,muni.il
1227,nx.cn
1228,opole.pl
1229,org.af
1230,restaurant
1231,homedns.org
1232,cymru
1233,school.nz
1234,wedding
1235,nico
1236,co.ni
1237,r.cdn77.net
1238,tatar
1239,biz.pl
1240,k12.ar.us
1241,ap-southeast-2.elasticbeanstalk.com
1242,properties
1243,fans
1244,fed.us
1245,gmbh
1246,net.tt
1247,oz.au
1248,poltava.ua
1249,s3-website-sa-east-1.amazonaws.com
1250,sa.com
1251,vt.us
1252,lombardia.it
1253,wien
1254,blogspot.pt
1255,co.it
1256,tm.fr
1257,3utilities.com
1258,miami
1259,point2this.com
1260,art.pl
1261,cloudns.cc
1262,s3-website.us-east-2.amazonaws.com
1263,aw
1264,ngo
1265,parts
1266,k12.al.us
1267,onthewifi.com
1268,gov.mn
1269,qld.edu.au
1270,credit
1271,nfshost.com
1272,spdns.org
1273,gov.lb
1274,net.ec
1275,gov.lk
1276,blogspot.se
1277,yoga
1278,computer
1279,thruhere.net
1280,ak.us
1281,dental
1282,edu.gh
1283,gotdns.org
1284,k12.wa.us
1285,ddnsking.com
1286,gov.tt
1287,ac.mz
1288,bingo
1289,inc
1290,net.ph
1291,co.pl
1292,ye
1293,za.net
1294,crimea.ua
1295,fedorapeople.org
1296,mydrobo.com
1297,eco.br
1298,webredirect.org
1299,college
1300,dnsup.net
1301,edu.rs
1302,ne.kr
1303,ne.us
1304,ce.gov.br
1305,health
1306,k12.ct.us
1307,mba
1308,edu.sd
1309,fin.ec
1310,jl.cn
1311,clothing
1312,lima-city.de
1313,auction
1314,edu.ps
1315,blogspot.com.co
1316,blogspot.ro
1317,estate
1318,64-b.it
1319,lgbt
1320,nd.us
1321,tn.us
1322,av.tr
1323,edu.kw
1324,srl
1325,dynns.com
1326,k12.tx.us
1327,vipsinaapp.com
1328,mil.br
1329,prod
1330,enterprises
1331,rentals
1332,org.uy
1333,rzeszow.pl
1334,go.gov.br
1335,moda
1336,ac.ma
1337,homelinux.net
1338,blogspot.be
1339,gov.sd
1340,nh-serv.co.uk
1341,abbott
1342,ks.us
1343,tokyo.jp
1344,homelinux.org
1345,c66.me
1346,warszawa.pl
1347,bot
1348,insure
1349,name.vn
1350,forsale
1351,construction
1352,coop.br
1353,futbol
1354,mp.br
1355,net.ma
1356,xn--80adxhks
1357,edu.ni
1358,edu.gt
1359,associates
1360,page
1361,pe.ca
1362,ruhr
1363,s3-website.ap-south-1.amazonaws.com
1364,tuxfamily.org
1365,nt.ca
1366,zgora.pl
1367,cechire.com
1368,horse
1369,org.bo
1370,cc.ca.us
1371,k12.ok.us
1372,katowice.pl
1373,nom.es
1374,radio
1375,repair
1376,wv.us
1377,ac.cy
1378,gov.kw
1379,net.mv
1380,org.lb
1381,builders
1382,gov.gh
1383,olsztyn.pl
1384,ooguy.com
1385,productions
1386,s3-website.eu-west-2.amazonaws.com
1387,sd.us
1388,square7.ch
1389,blogspot.kr
1390,goo
1391,gov.bn
1392,lawyer
1393,org.ro
1394,mywire.org
1395,sa.edu.au
1396,sz
1397,no.com
1398,blogspot.sg
1399,k12.me.us
1400,freedesktop.org
1401,med.sa
1402,fe.it
1403,homelinux.com
1404,nagoya
1405,xn--c1avg
1406,com.mv
1407,or.tz
1408,s3-eu-west-3.amazonaws.com
1409,gf
1410,gov.mw
1411,mom
1412,com.by
1413,dy.fi
1414,gov.rs
1415,tirol
1416,gov.om
1417,volyn.ua
1418,edu.mk
1419,ms.gov.br
1420,org.cy
1421,rent
1422,tas.gov.au
1423,myddns.rocks
1424,sydney
1425,blogspot.co.il
1426,org.ir
1427,roma.it
1428,blogspot.hu
1429,blogspot.pe
1430,bydgoszcz.pl
1431,surf
1432,bz.it
1433,gov.jo
1434,blogspot.ch
1435,ru.net
1436,singles
1437,leg.br
1438,x443.pw
1439,xn--90ais
1440,kn
1441,vacations
1442,exposed
1443,gov.mk
1444,industries
1445,tcp4.me
1446,com.fr
1447,equipment
1448,info.vn
1449,melbourne
1450,sklep.pl
1451,go.tz
1452,001www.com
1453,edu.qa
1454,mq
1455,yokohama
1456,hi.us
1457,hockey
1458,saarland
1459,vlaanderen
1460,flights
1461,gov.ge
1462,investments
1463,lease
1464,org.mk
1465,schule
1466,lib.tx.us
1467,holiday
1468,noip.us
1469,s3-ap-northeast-2.amazonaws.com
1470,url.tw
1471,gov.cy
1472,mypi.co
1473,xn--6qq986b3xl
1474,dontexist.com
1475,gent
1476,org.qa
1477,property
1478,contractors
1479,gov.dz
1480,mi.it
1481,gov.ie
1482,holdings
1483,arq.br
1484,gob.hn
1485,marche.it
1486,barcelona
1487,giize.com
1488,dynalias.net
1489,financial
1490,mt.us
1491,doesntexist.com
1492,fastvps-server.com
1493,gop
1494,sampa.br
1495,desa.id
1496,org.do
1497,net.mt
1498,com.la
1499,gob.bo
1500,kp
1501,taipei
1502,aq
1503,capetown
1504,gov.ve
1505,jp.net
1506,eun.eg
1507,gov.py
1508,vgs.no
1509,mt.gov.br
1510,s3-website.eu-west-3.amazonaws.com
1511,cnt.br
1512,okinawa
1513,soy
1514,zt.ua
1515,cologne
1516,dattoweb.com
1517,diskstation.me
1518,mil.co
1519,mil.id
1520,notaires.fr
1521,bradesco
1522,freeboxos.fr
1523,irish
1524,lib.mi.us
1525,net.gy
1526,adm.br
1527,cci.fr
1528,k12.ut.us
1529,lib.in.us
1530,lib.me.us
1531,ac.tz
1532,fj.cn
1533,cn-north-1.eb.amazonaws.com.cn
1534,cooking
1535,feedback
1536,jetzt
1537,radom.pl
1538,soccer
1539,tienda
1540,ac.ru
1541,archi
1542,ddnss.de
1543,in.rs
1544,k12.ms.us
1545,kaufen
1546,xn--55qx5d
1547,s3-website.ap-northeast-2.amazonaws.com
1548,zj.cn
1549,attorney
1550,edu.bo
1551,pe.gov.br
1552,us-3.evennode.com
1553,bialystok.pl
1554,gleeze.com
1555,gov.ps
1556,krd
1557,xn--q9jyb4c
1558,ah.cn
1559,cars
1560,mayfirst.org
1561,reisen
1562,gotdns.ch
1563,hk.cn
1564,k12.ky.us
1565,loans
1566,rehab
1567,dentist
1568,engineer
1569,fishing
1570,new
1571,nm.cn
1572,pila.pl
1573,ceo
1574,trading
1575,xn--io0a7i
1576,bargains
1577,info.tr
1578,joburg
1579,ong
1580,co.gy
1581,edu.kz
1582,lighting
1583,nb.ca
1584,net.ge
1585,no-ip.ca
1586,basketball
1587,blogspot.hk
1588,dyndns-server.com
1589,i2p
1590,serveminecraft.net
1591,blogspot.cz
1592,blogspot.no
1593,com.lk
1594,gen.in
1595,gov.et
1596,mortgage
1597,aeroport.fr
1598,blogspot.co.nz
1599,k12.md.us
1600,sa.cr
1601,to.it
1602,32-b.it
1603,edu.ee
1604,lr
1605,claims
1606,goip.de
1607,jewelry
1608,k12.ne.us
1609,lib.oh.us
1610,nov.ru
1611,org.gt
1612,ra.it
1613,cleaning
1614,s3.dualstack.eu-central-1.amazonaws.com
1615,barclaycard
1616,blogspot.ie
1617,bo.it
1618,cloudns.org
1619,k12.de.us
1620,miniserver.com
1621,org.gr
1622,study
1623,vps.myjino.ru
1624,cc.nj.us
1625,istmein.de
1626,blogspot.cl
1627,dnsfor.me
1628,milano.it
1629,cc.ua
1630,com.ba
1631,edu.mt
1632,gw
1633,org.mz
1634,from-il.com
1635,fvg.it
1636,gov.al
1637,net.gt
1638,nl.ca
1639,plumbing
1640,pro.vn
1641,space-to-rent.com
1642,ca-central-1.elasticbeanstalk.com
1643,cq.cn
1644,edu.mo
1645,etc.br
1646,kherson.ua
1647,serveirc.com
1648,blogspot.fi
1649,sbi
1650,spdns.eu
1651,voyage
1652,country
1653,gov.bh
1654,kia
1655,iki.fi
1656,mil.ru
1657,navy
1658,tickets
1659,xn--80aswg
1660,yk.ca
1661,hb.cn
1662,mi.th
1663,tn.it
1664,vodka
1665,youtube
1666,apartments
1667,servegame.org
1668,africa.com
1669,pb.gov.br
1670,s3.dualstack.us-east-2.amazonaws.com
1671,xn--6frz82g
1672,alsace
1673,blogspot.dk
1674,co.om
1675,na.it
1676,tv.bo
1677,xn--mk1bu44c
1678,bitballoon.com
1679,dyndns-home.com
1680,dyndns-remote.com
1681,freeddns.org
1682,nra
1683,s3.dualstack.ap-southeast-2.amazonaws.com
1684,s3.dualstack.sa-east-1.amazonaws.com
1685,se.gov.br
1686,elblag.pl
1687,net.om
1688,crs
1689,lib.mn.us
1690,luxury
1691,vanguard
1692,xn--rhqv96g
1693,xn--tckwe
1694,barclays
1695,co.rw
1696,s3.dualstack.eu-west-2.amazonaws.com
1697,am.gov.br
1698,blackfriday
1699,furniture
1700,gov.sy
1701,k12.wy.us
1702,s3-website.ca-central-1.amazonaws.com
1703,k12.mt.us
1704,lib.ia.us
1705,ma.gov.br
1706,pulawy.pl
1707,you
1708,edu.ba
1709,esp.br
1710,hn.cn
1711,lib.il.us
1712,memset.net
1713,org.se
1714,sx.cn
1715,immobilien
1716,xn--czru2d
1717,doctor
1718,edu.ge
1719,s3.dualstack.ap-northeast-2.amazonaws.com
1720,appchizi.com
1721,auto
1722,catering
1723,edu.tt
1724,s3.dualstack.ca-central-1.amazonaws.com
1725,xn--czr694b
1726,blogspot.co.at
1727,net.bn
1728,zip
1729,diamonds
1730,eu-west-3.elasticbeanstalk.com
1731,lc.it
1732,net.qa
1733,rio.br
1734,s3.dualstack.eu-west-3.amazonaws.com
1735,co.im
1736,durban
1737,org.zm
1738,rio
1739,xn--kput3i
1740,edu.py
1741,er
1742,neustar
1743,serveftp.net
1744,servepics.com
1745,sn.cn
1746,al.gov.br
1747,gmail
1748,idf.il
1749,jpn.com
1750,off
1751,s3.dualstack.ap-south-1.amazonaws.com
1752,co.dk
1753,edu.cu
1754,flowers
1755,gz.cn
1756,name.tr
1757,rodeo
1758,blogspot.ae
1759,dynalias.org
1760,gov.la
1761,nsn.us
1762,co.ae
1763,dnsalias.org
1764,does-it.net
1765,g12.br
1766,gov.rw
1767,net.sb
1768,of.by
1769,coupons
1770,gov.gy
1771,puglia.it
1772,rn.gov.br
1773,xn--fiqs8s
1774,edu.dz
1775,kyiv.ua
1776,co.sz
1777,gen.nz
1778,gov.mv
1779,hs.kr
1780,webhosting.be
1781,co.nl
1782,dd-dns.de
1783,jor.br
1784,limo
1785,slask.pl
1786,gov.sl
1787,k12.nm.us
1788,km
1789,lib.md.us
1790,org.zw
1791,tychy.pl
1792,veneto.it
1793,versicherung
1794,agr.br
1795,broke-it.net
1796,k12.nh.us
1797,villas
1798,gn
1799,malopolska.pl
1800,xn--hxt814e
1801,bible
1802,czest.pl
1803,demon.nl
1804,edu.es
1805,kred
1806,lubin.pl
1807,poa.br
1808,re.it
1809,to.gov.br
1810,ri.us
1811,torino.it
1812,za.com
1813,inf.ua
1814,net.gr
1815,sch.ir
1816,ud.it
1817,gripe
1818,gu
1819,net.py
1820,nsupdate.info
1821,org.pt
1822,webhop.me
1823,xn--3ds443g
1824,bj.cn
1825,blogspot.com.ng
1826,edu.it
1827,florist
1828,health.nz
1829,jx.cn
1830,nf.ca
1831,abc.br
1832,com.lc
1833,edu.hn
1834,emilia-romagna.it
1835,homeunix.com
1836,juegos
1837,organic
1838,pointto.us
1839,tennis
1840,xn--vhquv
1841,edu.pt
1842,itv
1843,net.eu.org
1844,imb.br
1845,media.pl
1846,org.ni
1847,osasco.br
1848,xn--t60b56a
1849,dedyn.io
1850,edu.mn
1851,gs.cn
1852,hicam.net
1853,meet
1854,selfip.org
1855,16-b.it
1856,edu.bn
1857,elk.pl
1858,fan
1859,gov.ba
1860,hi.cn
1861,schwarz
1862,edu.al
1863,gliwice.pl
1864,pisz.pl
1865,tur.ar
1866,co.no
1867,cruises
1868,fk
1869,geek.nz
1870,k12.nv.us
1871,kalisz.pl
1872,rep.kp
1873,servecounterstrike.com
1874,viajes
1875,career
1876,com.ky
1877,courses
1878,or.ug
1879,xn--g2xx48c
1880,firm.in
1881,gov.iq
1882,rnu.tn
1883,blogdns.net
1884,dnsking.ch
1885,dscloud.me
1886,eu-4.evennode.com
1887,gb
1888,play
1889,tires
1890,trieste.it
1891,xn--3bst00m
1892,accountants
1893,olkusz.pl
1894,sch.ng
1895,caltanissetta.it
1896,club.tw
1897,edu.az
1898,info.ro
1899,markets
1900,nom.br
1901,theater
1902,actor
1903,android
1904,christmas
1905,edu.sc
1906,hl.cn
1907,kicks-ass.org
1908,net.ng
1909,net.uy
1910,condos
1911,ddnsfree.com
1912,eu-2.evennode.com
1913,gives
1914,info.hu
1915,name.ng
1916,org.sv
1917,xn--mgbab2bd
1918,yn.cn
1919,za.org
1920,gop.pk
1921,nerdpol.ovh
1922,podzone.org
1923,pp.se
1924,se.net
1925,xn--4gbrim
1926,xn--d1acj3b
1927,xn--ngbc5azd
1928,edu.za
1929,forex
1930,net.kw
1931,priv.at
1932,surgery
1933,williamhill
1934,dyndns-office.com
1935,edu.sy
1936,maison
1937,or.cr
1938,serveblog.net
1939,ac.pa
1940,brasilia.me
1941,edu.krd
1942,mh
1943,now
1944,ras.ru
1945,realty
1946,uzhgorod.ua
1947,xn--czrs0t
1948,act.edu.au
1949,bmw
1950,corsica
1951,creditcard
1952,gouv.sn
1953,org.jo
1954,osaka
1955,pri.ee
1956,reise
1957,bg.it
1958,blogspot.co.za
1959,gb.net
1960,gdynia.pl
1961,mil.pl
1962,org.ma
1963,prato.it
1964,slupsk.pl
1965,agrinet.tn
1966,belem.br
1967,blogspot.bg
1968,blogspot.rs
1969,ddnsgeek.com
1970,dnsdojo.com
1971,dyndns-free.com
1972,genova.it
1973,sc.cn
1974,yahoo
1975,bhz.br
1976,bv
1977,com.bs
1978,gov.tn
1979,guitars
1980,kyoto.jp
1981,mil.no
1982,pi.gov.br
1983,pr.it
1984,sarl
1985,shiksha
1986,vr.it
1987,augustow.pl
1988,co.me
1989,gov.bt
1990,ltd.ua
1991,servemp3.com
1992,siena.it
1993,theworkpc.com
1994,dyndns-web.com
1995,gov.bm
1996,jgora.pl
1997,kyoto
1998,ne.pw
1999,osaka.jp
2000,podzone.net
2001,pol.tr
2002,salon
2003,ac.vn
2004,blogspot.co.ke
2005,co.mu
2006,com.dz
2007,edu.pa
2008,game.tw
2009,k12.il
2010,kharkiv.ua
2011,med
2012,odo.br
2013,security
2014,boston
2015,eu.int
2016,gov.bb
2017,lib.ny.us
2018,lib.sc.us
2019,mil.ec
2020,bsb.br
2021,bytom.pl
2022,jdevcloud.com
2023,konin.pl
2024,lib.ca.us
2025,outsystemscloud.com
2026,ppg.br
2027,ro.gov.br
2028,weir
2029,fbxos.fr
2030,from-ks.com
2031,info.ve
2032,lib.la.us
2033,napoli.it
2034,ar.com
2035,gov.bs
2036,hk.com
2037,is-a-geek.com
2038,sj
2039,vda.it
2040,blogdns.org
2041,es.kr
2042,gdansk.pl
2043,gov.ky
2044,ice
2045,nom.co
2046,now-dns.top
2047,org.mo
2048,padova.it
2049,sanok.pl
2050,sardegna.it
2051,sport
2052,uw.gov.pl
2053,wedeploy.io
2054,cloudaccess.host
2055,degree
2056,dontexist.org
2057,lu.it
2058,net.bo
2059,net.rw
2060,org.ge
2061,saxo
2062,sc.ke
2063,sr.gov.pl
2064,ac.me
2065,bologna.it
2066,bs.it
2067,dnshome.de
2068,i234.me
2069,is-by.us
2070,diskstation.org
2071,homeftp.net
2072,nat.tn
2073,sicilia.it
2074,auto.pl
2075,cc.fl.us
2076,chrome
2077,floripa.br
2078,forgot.his.name
2079,hitachi
2080,mypsx.net
2081,on-aptible.com
2082,qpon
2083,cri.nz
2084,dep.no
2085,fot.br
2086,hiphop
2087,k12.ks.us
2088,mazury.pl
2089,mragowo.pl
2090,okinawa.jp
2091,trust
2092,webhop.biz
2093,gouv.ci
2094,gov.zm
2095,legnica.pl
2096,secure
2097,citic
2098,manaus.br
2099,map
2100,now-dns.net
2101,realestate
2102,sa-east-1.elasticbeanstalk.com
2103,spb.su
2104,audi
2105,broker
2106,cc.il.us
2107,cim.br
2108,co.ag
2109,com.cm
2110,foz.br
2111,from.hr
2112,gov.kg
2113,gov.pr
2114,servequake.com
2115,tas.edu.au
2116,wiki.br
2117,xn--ses554g
2118,ac.rw
2119,bio.br
2120,brother
2121,firenze.it
2122,gov.bf
2123,gov.me
2124,hsbc
2125,llc
2126,lugansk.ua
2127,observer
2128,rybnik.pl
2129,sosnowiec.pl
2130,soundcast.me
2131,vet.br
2132,com.bb
2133,from-ga.com
2134,gb.com
2135,hokkaido.jp
2136,mielec.pl
2137,nflfan.org
2138,sch.ae
2139,school.za
2140,stuff-4-sale.us
2141,blogspot.hr
2142,edu.bb
2143,microsoft
2144,mma
2145,office-on-the.net
2146,platformsh.site
2147,psc.br
2148,saitama.jp
2149,sucks
2150,udi.br
2151,ufcfan.org
2152,va.it
2153,ap.gov.br
2154,cern
2155,com.sy
2156,edu.bh
2157,endofinternet.net
2158,he.cn
2159,i.ng
2160,landrover
2161,org.bz
2162,org.gh
2163,org.tn
2164,xz.cn
2165,aichi.jp
2166,barueri.br
2167,blogspot.com.by
2168,blogspot.sk
2169,co.je
2170,ed.cr
2171,gov.bz
2172,it.ao
2173,k12.ak.us
2174,mil.ve
2175,myfirewall.org
2176,org.et
2177,pv.it
2178,republican
2179,seoul.kr
2180,venezia.it
2181,damnserver.com
2182,dnsdojo.net
2183,lib.wi.us
2184,mobile
2185,nysa.pl
2186,org.kz
2187,org.na
2188,vpndns.net
2189,cloudns.club
2190,com.vu
2191,data
2192,edu.lk
2193,free
2194,mil.ng
2195,ne.tz
2196,oslo.no
2197,star
2198,transurl.nl
2199,vi.it
2200,xen.prgmr.com
2201,blogspot.com.uy
2202,gov.tm
2203,k12.tn.us
2204,kpmg
2205,sandcats.io
2206,search
2207,selfip.info
2208,serveftp.org
2209,tw.cn
2210,vt.it
2211,walbrzych.pl
2212,we.bs
2213,wielun.pl
2214,a.prod.fastly.net
2215,bplaced.de
2216,casacam.net
2217,chambagri.fr
2218,chiba.jp
2219,edu.lv
2220,gmina.pl
2221,kanagawa.jp
2222,liguria.it
2223,no-ip.co.uk
2224,sm.ua
2225,stargard.pl
2226,cc.ia.us
2227,co.cl
2228,gov.ly
2229,gov.mg
2230,memorial
2231,ryukyu
2232,xn--9dbq2a
2233,12hp.de
2234,aland.fi
2235,avocat.fr
2236,fm.br
2237,from-md.com
2238,ge.it
2239,gov.ec
2240,homes
2241,homeunix.net
2242,kiwi.nz
2243,med.ec
2244,org.bt
2245,pe.it
2246,santamaria.br
2247,web.ve
2248,xn--nqv7f
2249,apple
2250,ba.it
2251,blogdns.com
2252,buyshouses.net
2253,cc.ms.us
2254,co.mw
2255,democrat
2256,edu.bz
2257,glogow.pl
2258,lazio.it
2259,rnrt.tn
2260,seat
2261,swidnica.pl
2262,tula.su
2263,tv.it
2264,umbria.it
2265,web.pk
2266,blogsite.org
2267,cloudns.pro
2268,compute-1.amazonaws.com
2269,familyds.com
2270,freeddns.us
2271,gru.br
2272,is-a-geek.org
2273,okayama.jp
2274,org.ae
2275,oz
2276,bieszczady.pl
2277,blogspot.com.cy
2278,caxias.br
2279,chirurgiens-dentistes.fr
2280,ftpaccess.cc
2281,gouv.ht
2282,gov.zw
2283,id.lv
2284,malbork.pl
2285,mazowsze.pl
2286,nikolaev.ua
2287,open
2288,org.gy
2289,physio
2290,priv.no
2291,rec.br
2292,riopreto.br
2293,selfip.biz
2294,webhop.info
2295,abc
2296,airport.aero
2297,camdvr.org
2298,edu.kg
2299,hepforge.org
2300,me.it
2301,net.et
2302,org.hu
2303,org.ls
2304,tana.no
2305,cc.tx.us
2306,cn.it
2307,com.az
2308,com.tt
2309,crown
2310,ct.it
2311,ddnss.org
2312,from-ca.com
2313,gov.lr
2314,gov.sb
2315,man
2316,mil.ar
2317,nagano.jp
2318,rm.it
2319,sch.lk
2320,shizuoka.jp
2321,suwalki.pl
2322,call
2323,campania.it
2324,cdn77-ssl.net
2325,cieszyn.pl
2326,com.bm
2327,edu.ly
2328,fox
2329,fukushima.jp
2330,hiroshima.jp
2331,inf.cu
2332,kr.com
2333,lib.mo.us
2334,med.pl
2335,my-router.de
2336,pisa.it
2337,sex.pl
2338,verona.it
2339,xn--fiq64b
2340,agric.za
2341,agro.pl
2342,gos.pk
2343,ham-radio-op.net
2344,karpacz.pl
2345,lomza.pl
2346,nieruchomosci.pl
2347,orange
2348,org.pa
2349,org.sz
2350,pd.it
2351,sebastopol.ua
2352,ug.gov.pl
2353,vapor.cloud
2354,xj.cn
2355,abudhabi
2356,basilicata.it
2357,beep.pl
2358,better-than.tv
2359,blogspot.md
2360,blogspot.sn
2361,creditunion
2362,dyndns-work.com
2363,hyogo.jp
2364,insurance
2365,java
2366,k12.ri.us
2367,lib.pa.us
2368,mov
2369,msk.su
2370,nom.fr
2371,org.kw
2372,store.ro
2373,tm.se
2374,baidu
2375,boavista.br
2376,cs.it
2377,dscloud.biz
2378,edu.eu.org
2379,hot
2380,kolobrzeg.pl
2381,net.cu
2382,org.hn
2383,org.mw
2384,ostrowiec.pl
2385,scrapping.cc
2386,sells-it.net
2387,ve.it
2388,wpdevcloud.com
2389,ac.gov.br
2390,airline.aero
2391,baby
2392,blogspot.qa
2393,blogsyte.com
2394,day
2395,feste-ip.net
2396,gniezno.pl
2397,madrid
2398,mielno.pl
2399,ms.kr
2400,mypets.ws
2401,net.sy
2402,net.tn
2403,niigata.jp
2404,org.gg
2405,perugia.it
2406,read-books.org
2407,tarnobrzeg.pl
2408,airforce
2409,art.museum
2410,buy
2411,com.ht
2412,dynvpn.de
2413,feira.br
2414,fukui.jp
2415,gifu.jp
2416,gunma.jp
2417,org.sd
2418,parma.it
2419,rimini.it
2420,rovno.ua
2421,sci.eg
2422,servep2p.com
2423,spectrum.myjino.ru
2424,tmp.br
2425,wloclawek.pl
2426,b.br
2427,bergamo.it
2428,cc.al.us
2429,com.kg
2430,com.se
2431,far.br
2432,hospital
2433,k12.vt.us
2434,my-wan.de
2435,on-the-web.tv
2436,org.al
2437,pa.it
2438,press.ma
2439,sa.it
2440,sejny.pl
2441,voto
2442,xn--unup4y
2443,bbs.tr
2444,com.ee
2445,com.lr
2446,dyn-vpn.de
2447,fc.it
2448,hoteles
2449,hotmail
2450,klodzko.pl
2451,lib.ms.us
2452,next
2453,rr.gov.br
2454,sch.sa
2455,seven
2456,vlog.br
2457,xn--1qqw23a
2458,altoadige.it
2459,blogspot.al
2460,blogspot.mk
2461,gov.dm
2462,gr.it
2463,hiv
2464,is-a-geek.net
2465,livorno.it
2466,mini
2467,myasustor.com
2468,org.tt
2469,pi.it
2470,rich
2471,servebbs.com
2472,shop.pl
2473,storage
2474,zagan.pl
2475,a.se
2476,ca.it
2477,drayddns.com
2478,dsmynas.com
2479,edu.bt
2480,edunet.tn
2481,freesite.host
2482,iwate.jp
2483,modena.it
2484,ntdll.top
2485,ses
2486,tp.it
2487,vinnica.ua
2488,weber
2489,aju.br
2490,akita.jp
2491,arezzo.it
2492,boats
2493,com.zm
2494,dell
2495,dyndns-at-home.com
2496,firewall-gateway.com
2497,fukuoka.jp
2498,gorlice.pl
2499,homeunix.org
2500,ibaraki.jp
2501,icbc
2502,jaworzno.pl
2503,lib.al.us
2504,mat.br
2505,mb.it
2506,mil.my
2507,nagoya.jp
2508,ostroda.pl
2509,pomorskie.pl
2510,pomorze.pl
2511,securitytactics.com
2512,servebbs.net
2513,zakopane.pl
2514,aaa
2515,an.it
2516,aq.it
2517,bedzin.pl
2518,c.la
2519,calabria.it
2520,cc.ok.us
2521,ciscofreak.com
2522,com.nr
2523,doomdns.com
2524,draydns.de
2525,dyndns-mail.com
2526,familyds.net
2527,folkebibl.no
2528,gov.sc
2529,le.it
2530,lukow.pl
2531,my-firewall.org
2532,my-gateway.de
2533,net.ly
2534,nu.ca
2535,org.ug
2536,ostroleka.pl
2537,pc.it
2538,total
2539,web.lk
2540,web.za
2541,abruzzo.it
2542,ac.mu
2543,al.it
2544,ar.it
2545,blogspot.ug
2546,com.ps
2547,foo
2548,gov.cm
2549,gs.oslo.no
2550,is.it
2551,mil.ph
2552,net.mo
2553,pn.it
2554,prd.fr
2555,sp.leg.br
2556,srt
2557,swinoujscie.pl
2558,travel.pl
2559,wed
2560,xn--54b7fta0cc
2561,active
2562,alt.za
2563,blogspot.ba
2564,cancerresearch
2565,cc.ga.us
2566,cloud.goog
2567,doesntexist.org
2568,emp.br
2569,game-server.cc
2570,lib.fl.us
2571,lib.ks.us
2572,lib.nj.us
2573,lib.ut.us
2574,mantova.it
2575,meteorapp.com
2576,mex.com
2577,nara.jp
2578,palmas.br
2579,podhale.pl
2580,poivron.org
2581,presse.fr
2582,qh.cn
2583,radio.br
2584,s3-fips-us-gov-west-1.amazonaws.com
2585,servehalflife.com
2586,xn--fiq228c5hs
2587,xn--xhq521b
2588,yamagata.jp
2589,abogado
2590,accesscam.org
2591,am.br
2592,beskidy.pl
2593,blogspot.lt
2594,cloudns.asia
2595,for-the.biz
2596,geekgalaxy.com
2597,gov.ml
2598,gov.tl
2599,isa-geek.org
2600,iwi.nz
2601,kagoshima.jp
2602,kartuzy.pl
2603,luxe
2604,mc.it
2605,mie.jp
2606,mil.by
2607,miyagi.jp
2608,pistoia.it
2609,quicksytes.com
2610,rc.it
2611,toyama.jp
2612,turek.pl
2613,blogspot.com.ee
2614,brescia.it
2615,ch.it
2616,czeladz.pl
2617,edu.mv
2618,gob.pk
2619,gotpantheon.com
2620,gov.ws
2621,gr.com
2622,jaguar
2623,jdf.br
2624,knowsitall.info
2625,lib.va.us
2626,mlbfan.org
2627,mn.it
2628,msd
2629,ntt
2630,org.je
2631,szczytno.pl
2632,vix.br
2633,windows
2634,axa
2635,bielawa.pl
2636,cc.mi.us
2637,cc.nm.us
2638,com.gn
2639,com.uz
2640,flynnhub.com
2641,gov.lc
2642,gov.tj
2643,hb.cldmail.ru
2644,history.museum
2645,lds
2646,lo.it
2647,net.ir
2648,oita.jp
2649,pg.it
2650,pictet
2651,rugby
2652,temp-dns.com
2653,the.br
2654,theatre
2655,yokohama.jp
2656,blogspot.am
2657,bv.nl
2658,coop.py
2659,dvag
2660,dvrcam.info
2661,edu.mg
2662,edu.zm
2663,homeftp.org
2664,ilawa.pl
2665,lib.de.us
2666,limanowa.pl
2667,miyazaki.jp
2668,net-freaks.com
2669,pescara.it
2670,piacenza.it
2671,sapporo.jp
2672,sc.ug
2673,szkola.pl
2674,us-2.evennode.com
2675,xn--3e0b707e
2676,bari.it
2677,belluno.it
2678,bplaced.com
2679,crafting.xyz
2680,cyon.link
2681,fr.it
2682,from-de.com
2683,gouv.ml
2684,home.dyndns.org
2685,ishikawa.jp
2686,kutno.pl
2687,lecco.it
2688,net.cy
2689,net.pa
2690,nt.edu.au
2691,org.dz
2692,protection
2693,s5y.io
2694,sandvik
2695,so.gov.pl
2696,sr.it
2697,turystyka.pl
2698,wlocl.pl
2699,workisboring.com
2700,yachts
2701,0emm.com
2702,ac.mw
2703,ac.zm
2704,ag.it
2705,apps.lair.io
2706,brindisi.it
2707,catania.it
2708,com.so
2709,def.br
2710,gets-it.net
2711,gov.to
2712,idv.hk
2713,ing
2714,komatsu
2715,lib.nc.us
2716,lucca.it
2717,monash
2718,net.la
2719,no.it
2720,org.kg
2721,pruszkow.pl
2722,pu.it
2723,sa.gov.pl
2724,select
2725,sharp
2726,shop.hu
2727,so.it
2728,test.ru
2729,uber.space
2730,wios.gov.pl
2731,xerox
2732,xn--90a3ac
2733,zone.id
2734,accenture
2735,ancona.it
2736,blogspot.si
2737,bom
2738,com.sd
2739,cremona.it
2740,dyn-o-saur.com
2741,dyndns-wiki.com
2742,fedorainfracloud.org
2743,fhsk.se
2744,final
2745,golffan.us
2746,hobby-site.com
2747,itau
2748,k12.vi
2749,lel.br
2750,lotto
2751,lowicz.pl
2752,magentosite.cloud
2753,mil.cn
2754,mil.kr
2755,org.bb
2756,org.ly
2757,pc.pl
2758,per.sg
2759,read
2760,samsung
2761,shell
2762,sina
2763,sjc.br
2764,ta.it
2765,teo.br
2766,triton.zone
2767,xs4all.space
2768,av.it
2769,bbc
2770,bialowieza.pl
2771,bing
2772,boleslawiec.pl
2773,codespot.com
2774,com.ci
2775,curitiba.br
2776,ehime.jp
2777,endofinternet.org
2778,gouv.bj
2779,hu.com
2780,iamallama.com
2781,id.ir
2782,iz.hr
2783,jcb
2784,kumamoto.jp
2785,li.it
2786,lib.ar.us
2787,lidl
2788,mail.pl
2789,medecin.fr
2790,mil.do
2791,mil.nz
2792,mil.pe
2793,mo.cn
2794,myeffect.net
2795,nagasaki.jp
2796,name.my
2797,nom.si
2798,nowruz
2799,org.ps
2800,pay
2801,pr.us
2802,rn.it
2803,swiebodzin.pl
2804,tm.pl
2805,treviso.it
2806,ustka.pl
2807,xn--fjq720a
2808,afl
2809,cc.md.us
2810,cc.nc.us
2811,doomdns.org
2812,ecn.br
2813,endoftheinternet.org
2814,fr.eu.org
2815,from-nc.com
2816,from-oh.com
2817,from-va.com
2818,go.it
2819,is-very-bad.org
2820,k.se
2821,lib.co.us
2822,lib.ma.us
2823,moi
2824,molise.it
2825,myphotos.cc
2826,natal.br
2827,opoczno.pl
2828,org.bh
2829,org.ws
2830,ownip.net
2831,ro.im
2832,schmidt
2833,taranto.it
2834,vb.it
2835,whoswho
2836,zara
2837,airtel
2838,anz
2839,bolt.hu
2840,cal
2841,cba
2842,co.cz
2843,com.lv
2844,comcast
2845,dc.us
2846,definima.net
2847,dot
2848,e12.ve
2849,ed.ao
2850,edu.ky
2851,emr.it
2852,fage
2853,from-tx.com
2854,go.dyndns.org
2855,gov.ki
2856,is-very-evil.org
2857,isa-geek.net
2858,kep.tr
2859,kepno.pl
2860,lezajsk.pl
2861,lib.ky.us
2862,lug.org.uk
2863,m.se
2864,messina.it
2865,motorcycles
2866,netflix
2867,nfl
2868,not.br
2869,nowaruda.pl
2870,off.ai
2871,olawa.pl
2872,org.la
2873,palermo.it
2874,polkowice.pl
2875,pt.it
2876,science.museum
2877,tm.ro
2878,tottori.jp
2879,vic.au
2880,wodzislaw.pl
2881,xn--i1b6b1a6a2e
2882,yamanashi.jp
2883,aarp
2884,ae.org
2885,aol
2886,aomori.jp
2887,ap.gov.pl
2888,autos
2889,biella.it
2890,blogspot.is
2891,busan.kr
2892,ce.it
2893,como.it
2894,diskstation.eu
2895,dr.tr
2896,dynathome.net
2897,dyndns-blog.com
2898,food
2899,for-our.info
2900,from-mi.com
2901,gov.st
2902,grosseto.it
2903,gsm.pl
2904,honda
2905,info.ec
2906,is-slick.com
2907,jcp
2908,kobe.jp
2909,lib.wa.us
2910,mozilla-iot.org
2911,naklo.pl
2912,nsw.au
2913,olecko.pl
2914,on-web.fr
2915,opencraft.hosting
2916,org.im
2917,reit
2918,skype
2919,ubs
2920,ulsan.kr
2921,xn--45q11c
2922,xn--o3cw4h
2923,yamaguchi.jp
2924,abb
2925,asti.it
2926,at-band-camp.net
2927,at.it
2928,bbva
2929,blogspot.com.mt
2930,bnr.la
2931,cagliari.it
2932,co.ca
2933,com.gu
2934,contact
2935,cosenza.it
2936,cr.it
2937,cuneo.it
2938,dray-dns.de
2939,dyndns-at-work.com
2940,edu.ci
2941,for-better.biz
2942,from-hi.com
2943,gea
2944,got
2945,gov.lt
2946,jelenia-gora.pl
2947,jll
2948,latina.it
2949,lib.ok.us
2950,lib.or.us
2951,like
2952,logoip.de
2953,loseyourip.com
2954,mil.uy
2955,mil.za
2956,museum.no
2957,nhlfan.net
2958,o.se
2959,org.lk
2960,podlasie.pl
2961,pordenone.it
2962,priv.pl
2963,privatizehealthinsurance.net
2964,scb
2965,serveexchange.com
2966,sos.pl
2967,stalowa-wola.pl
2968,te.it
2969,tec.ve
2970,video.hu
2971,wolomin.pl
2972,aid.pl
2973,arts.ro
2974,blogspot.lu
2975,coupon
2976,csc
2977,dontexist.net
2978,dsmynas.net
2979,edu.me
2980,edu.mz
2981,ens.tn
2982,for-more.biz
2983,forumz.info
2984,gov.sh
2985,gov.vc
2986,is-a-chef.com
2987,is-gone.com
2988,is-leet.com
2989,kerryhotels
2990,lebork.pl
2991,lib.nh.us
2992,ms.it
2993,nom.za
2994,novara.it
2995,org.ba
2996,org.ee
2997,org.mn
2998,pgafan.net
2999,philips
3000,ping
3001,pioneer
3002,po.gov.pl
3003,powiat.pl
3004,pz.it
3005,rogers
3006,safety
3007,salerno.it
3008,savona.it
3009,sener
3010,shimane.jp
3011,si.it
3012,skoczow.pl
3013,sopot.pl
3014,starachowice.pl
3015,stockholm
3016,szex.hu
3017,um.gov.pl
3018,varese.it
3019,xn--h2brj9c
3020,zero
3021,aig
3022,ao.it
3023,blogspot.li
3024,book
3025,bosch
3026,br.it
3027,capitalone
3028,caserta.it
3029,cc.ks.us
3030,cc.tn.us
3031,com.sh
3032,cz.it
3033,edu.lc
3034,experts-comptables.fr
3035,firewall-gateway.de
3036,ford
3037,forum
3038,from-in.com
3039,gov.ee
3040,gov.ms
3041,hotels
3042,i.ph
3043,int.ru
3044,is-certified.com
3045,isa-geek.com
3046,ismaili
3047,jab.br
3048,lapy.pl
3049,mil.cl
3050,minato.tokyo.jp
3051,mit
3052,mtn
3053,org.az
3054,org.ky
3055,org.lr
3056,org.lv
3057,ponpes.id
3058,qc.com
3059,qsl.br
3060,ri.it
3061,rmit
3062,sanofi
3063,sas
3064,save
3065,sbs
3066,sc.tz
3067,sch.qa
3068,shiga.jp
3069,si.eu.org
3070,slz.br
3071,smart
3072,song
3073,spot
3074,stc
3075,terni.it
3076,tokushima.jp
3077,trapani.it
3078,udine.it
3079,ups
3080,vc.it
3081,veterinaire.fr
3082,vicenza.it
3083,xn--mgbaam7a8h
3084,zachpomor.pl
3085,asso.nc
3086,boldlygoingnowhere.org
3087,cc.or.us
3088,com.to
3089,dnsdojo.org
3090,dyn
3091,edu.gy
3092,es.leg.br
3093,fantasyleague.cc
3094,fg.it
3095,forum.hu
3096,from-ne.com
3097,from-sc.com
3098,from-wi.com
3099,game-host.org
3100,gov.gn
3101,gov.kn
3102,ibm
3103,info.tn
3104,is-a-hunter.com
3105,isa.us
3106,jnj
3107,k12.ec
3108,kaszuby.pl
3109,laspezia.it
3110,me.ke
3111,net.jo
3112,nike
3113,nt.ro
3114,org.om
3115,potager.org
3116,qa2.com
3117,ravenna.it
3118,ro.it
3119,room
3120,servebbs.org
3121,sew
3122,shacknet.nu
3123,shinagawa.tokyo.jp
3124,softbank
3125,sport.hu
3126,sv.it
3127,taobao
3128,target
3129,trento.it
3130,vladimir.ru
3131,wakayama.jp
3132,xn--imr513n
3133,xn--vuq861b
3134,yalta.ua
3135,zaporizhzhe.ua
3136,anquan
3137,azure
3138,babia-gora.pl
3139,bi.it
3140,bl.it
3141,cable-modem.org
3142,case
3143,cloudns.eu
3144,com.tm
3145,dabur
3146,delta
3147,dlugoleka.pl
3148,edeka
3149,edu.sn
3150,familyds.org
3151,firm.ro
3152,flog.br
3153,from-wv.com
3154,gap
3155,globo
3156,gmx
3157,hughes
3158,huissier-justice.fr
3159,idrett.no
3160,inabe.mie.jp
3161,int.ar
3162,is-a-chef.net
3163,is-lost.org
3164,is-very-good.org
3165,kawasaki.jp
3166,kochi.jp
3167,lamborghini
3168,law.pro
3169,law.za
3170,lib.ga.us
3171,lt.it
3172,lt.ua
3173,mil.bo
3174,mil.ni
3175,movistar
3176,mysecuritycamera.com
3177,net.ki
3178,net.ml
3179,nl.eu.org
3180,now-dns.org
3181,obama.fukui.jp
3182,or.it
3183,org.mv
3184,prime
3185,rieti.it
3186,riik.ee
3187,sf.no
3188,siracusa.it
3189,sp.it
3190,ss.it
3191,synology-diskstation.de
3192,teaches-yoga.com
3193,teramo.it
3194,tochigi.jp
3195,tr.it
3196,trd.br
3197,ts.it
3198,twmail.org
3199,v-info.info
3200,writesthisblog.com
3201,xn--j1aef
3202,xn--j6w193g
3203,zarow.pl
3204,zhitomir.ua
3205,aco
3206,advisor.ws
3207,alessandria.it
3208,alibaba
3209,asso.mc
3210,azurecontainer.io
3211,benevento.it
3212,bir.ru
3213,bn.it
3214,bolzano.it
3215,cb.it
3216,cc.wa.us
3217,ceb
3218,cfa
3219,chanel
3220,channel
3221,channelsdvr.net
3222,charity
3223,chase
3224,chieti.it
3225,cistron.nl
3226,cl.it
3227,cloudns.pw
3228,com.ws
3229,communications.museum
3230,docs
3231,dvr
3232,eat
3233,eating-organic.net
3234,edu.bs
3235,edu.ht
3236,edu.kn
3237,fast
3238,flir
3239,fly
3240,from-ut.com
3241,fukaya.saitama.jp
3242,gifu.gifu.jp
3243,grajewo.pl
3244,greta.fr
3245,hermes
3246,hisamitsu
3247,info.az
3248,ingatlan.hu
3249,is-a-guru.com
3250,jmp
3251,joy
3252,jprs
3253,kagawa.jp
3254,ketrzyn.pl
3255,kfh
3256,kpn
3257,latrobe
3258,lecce.it
3259,lodi.it
3260,mls
3261,mtr
3262,mypep.link
3263,neat-url.com
3264,net.az
3265,nissay
3266,norton
3267,org.bs
3268,ott
3269,phone
3270,pin
3271,port.fr
3272,quest
3273,rawa-maz.pl
3274,ricoh
3275,rovigo.it
3276,rwe
3277,saga.jp
3278,sc.kr
3279,sc.leg.br
3280,sendai.jp
3281,square7.net
3282,stat.no
3283,tab
3284,telefonica
3285,teva
3286,toray
3287,tui
3288,twmail.net
3289,virgin
3290,volkswagen
3291,warmia.pl
3292,wegrow.pl
3293,xn--90ae
3294,xn--fiqz9s
3295,xn--mgberp4a5d4ar
3296,xn--nyqy26a
3297,aeg
3298,arte
3299,association.museum
3300,bbs
3301,bcn
3302,bizen.okayama.jp
3303,booking
3304,bt.it
3305,cfd
3306,citi
3307,cleverapps.io
3308,co.cm
3309,com.gy
3310,com.im
3311,com.ki
3312,com.kp
3313,com.sc
3314,com.st
3315,com.ug
3316,couchpotatofries.org
3317,crotone.it
3318,de.cool
3319,drive
3320,dsmynas.org
3321,dyndns-pics.com
3322,edu.gi
3323,edu.la
3324,edu.pf
3325,eu-1.evennode.com
3326,fermo.it
3327,film.hu
3328,from-az.net
3329,from-mo.com
3330,fst.br
3331,gmo
3332,gorizia.it
3333,gu.us
3334,hkt
3335,home-webserver.de
3336,house.museum
3337,im.it
3338,is-a-doctor.com
3339,is-a-hard-worker.com
3340,is-very-nice.org
3341,joinville.br
3342,juniper
3343,liaison
3344,likes-pie.com
3345,lincoln
3346,makeup
3347,mango
3348,mg.leg.br
3349,mil.jo
3350,misconfused.org
3351,mmafan.biz
3352,monza.it
3353,murmansk.su
3354,net.ms
3355,net.ws
3356,nohost.me
3357,org.cu
3358,org.me
3359,org.sy
3360,ot.it
3361,otsuka
3362,pid
3363,plo.ps
3364,potenza.it
3365,pro.ec
3366,pru
3367,przeworsk.pl
3368,pwc
3369,qld.au
3370,quipelements.com
3371,rexroth
3372,rzgw.gov.pl
3373,sa.au
3374,safe
3375,sca
3376,sfr
3377,simple-url.com
3378,smile
3379,taifun-dns.de
3380,ternopil.ua
3381,tgory.pl
3382,tiffany
3383,toyota
3384,v.bg
3385,ven.it
3386,vi.us
3387,walmart
3388,weather
3389,worse-than.tv
3390,wow
3391,x.se
3392,xn--e1a4c
3393,xn--mgbayh7gpa
3394,xn--node
3395,za.bz
3396,zgorzelec.pl
3397,ap.it
3398,as.us
3399,beppu.oita.jp
3400,bestbuy
3401,bloomberg
3402,bmd.br
3403,broadway
3404,bunkyo.tokyo.jp
3405,cbs
3406,cc.id.us
3407,cc.mn.us
3408,cc.oh.us
3409,cherkassy.ua
3410,chigasaki.kanagawa.jp
3411,ci.it
3412,clubmed
3413,cn-northwest-1.eb.amazonaws.com.cn
3414,co.ci
3415,collegefan.org
3416,cuisinella
3417,cya.gg
3418,ddnslive.com
3419,dnsiskinky.com
3420,dscloud.mobi
3421,dynserv.org
3422,edu.ms
3423,edu.pr
3424,en.it
3425,fedex
3426,fiat
3427,fire
3428,firmdale
3429,foodnetwork
3430,fortal.br
3431,from-ct.com
3432,from-id.com
3433,from-ky.com
3434,from-ny.net
3435,from-or.com
3436,fujisawa.kanagawa.jp
3437,geek
3438,geometre-expert.fr
3439,gwiddle.co.uk
3440,hobby-site.org
3441,hotel.hu
3442,ic.gov.pl
3443,imperia.it
3444,info.ke
3445,is-a-cpa.com
3446,is-a-techie.com
3447,is-found.org
3448,is-saved.org
3449,iwakuni.yamaguchi.jp
3450,izumisano.osaka.jp
3451,jio
3452,katano.osaka.jp
3453,kerrylogistics
3454,laquila.it
3455,lcube-server.de
3456,maceio.br
3457,matsumoto.nagano.jp
3458,meldal.no
3459,mil.lv
3460,misaki.okayama.jp
3461,neo
3462,net.bz
3463,net.gn
3464,net.lv
3465,net.nr
3466,nexus
3467,nikon
3468,nom.ae
3469,nom.mk
3470,nym.by
3471,org.bn
3472,org.lc
3473,org.so
3474,parliament.nz
3475,pe.leg.br
3476,pharmacien.fr
3477,piw.gov.pl
3478,po.it
3479,pvt.ge
3480,pyatigorsk.ru
3481,qvc
3482,rel.pl
3483,rg.it
3484,rivne.ua
3485,salvador.br
3486,sassari.it
3487,sex.hu
3488,shouji
3489,targi.pl
3490,taxi.br
3491,trentino.it
3492,trondheim.no
3493,uk.eu.org
3494,uy.com
3495,virtual.museum
3496,vivo
3497,voting
3498,wa.au
3499,witd.gov.pl
3500,wme
3501,xn--5tzm5g
3502,xn--fhbei
3503,xn--kpry57d
3504,ac.leg.br
3505,allfinanz
3506,assedic.fr
3507,bcg
3508,campinas.br
3509,co.bi
3510,co.tj
3511,com.cw
3512,com.dm
3513,com.io
3514,com.ml
3515,com.mu
3516,com.mw
3517,compare
3518,dad
3519,development.run
3520,ditchyourip.com
3521,dyn-ip24.de
3522,edu.lr
3523,edu.ws
3524,esurance
3525,frogans
3526,from-fl.com
3527,from-la.net
3528,from-nd.com
3529,from-ok.com
3530,from-tn.com
3531,frontier
3532,ftr
3533,funabashi.chiba.jp
3534,gangwon.kr
3535,genting
3536,george
3537,gjovik.no
3538,gle
3539,gok.pk
3540,half.host
3541,hasura-app.io
3542,hiratsuka.kanagawa.jp
3543,homedepot
3544,in.eu.org
3545,intuit
3546,ipiranga
3547,is-a-lawyer.com
3548,is-a-rockstar.com
3549,is-an-actor.com
3550,ivano-frankivsk.ua
3551,ivanovo.su
3552,k12.dc.us
3553,kawagoe.saitama.jp
3554,kazimierz-dolny.pl
3555,kg.kr
3556,kppsp.gov.pl
3557,lib.nm.us
3558,linde
3559,marriott
3560,mil.iq
3561,mil.kz
3562,mishima.fukushima.jp
3563,miyako.iwate.jp
3564,miyazaki.miyazaki.jp
3565,monster
3566,myhome-server.de
3567,myiphost.com
3568,myshopblocks.com
3569,nab
3570,nadex
3571,naha.okinawa.jp
3572,nba
3573,net.bs
3574,net.pr
3575,net.pt
3576,nodum.io
3577,nom.cl
3578,nom.ke
3579,nom.rs
3580,nu.it
3581,nuoro.it
3582,obi
3583,og.ao
3584,ol.no
3585,omega
3586,org.ht
3587,org.nr
3588,org.sb
3589,org.tm
3590,ostrowwlkp.pl
3591,ota.tokyo.jp
3592,pa.gov.pl
3593,pnc
3594,pr.leg.br
3595,prochowice.pl
3596,prudential
3597,ravendb.community
3598,reklam.hu
3599,ro.leg.br
3600,sasebo.nagasaki.jp
3601,sondrio.it
3602,space.museum
3603,suedtirol.it
3604,syno-ds.de
3605,takasaki.gunma.jp
3606,tas.au
3607,toyota.aichi.jp
3608,trv
3609,unusualperson.com
3610,vercelli.it
3611,vv.it
3612,xn--cg4bki
3613,xn--efvn9s.jp
3614,xn--pgbs0dh
3615,xn--qxam
3616,yokosuka.kanagawa.jp
3617,2ix.de
3618,act.au
3619,agrigento.it
3620,aizuwakamatsu.fukushima.jp
3621,ally
3622,apigee.io
3623,asahikawa.hokkaido.jp
3624,ascolipiceno.it
3625,ato.br
3626,atsugi.kanagawa.jp
3627,author
3628,banamex
3629,barsy.in
3630,bbt
3631,bentley
3632,bms
3633,bnl
3634,boo
3635,boxfuse.io
3636,bugatti
3637,c.se
3638,cc.la.us
3639,cc.ny.us
3640,chernigov.ua
3641,chiyoda.tokyo.jp
3642,chofu.tokyo.jp
3643,clan.rip
3644,co.lc
3645,com.ms
3646,com.sn
3647,conf.au
3648,cpa.pro
3649,cuiaba.br
3650,customer.speedpartner.de
3651,cymru.museum
3652,daejeon.kr
3653,dds
3654,dealer
3655,defense.tn
3656,dnp
3657,edogawa.tokyo.jp
3658,edu.bi
3659,edu.sl
3660,edu.vu
3661,epost
3662,f.se
3663,ferrara.it
3664,ferrari
3665,fh.se
3666,fhs.no
3667,fidelity
3668,flekkefjord.no
3669,flickr
3670,florida.museum
3671,from-dc.com
3672,from-ia.com
3673,from-me.org
3674,from-mn.com
3675,from-mt.com
3676,from-pr.com
3677,from-ri.com
3678,frosinone.it
3679,fukushima.fukushima.jp
3680,fukuyama.hiroshima.jp
3681,fur
3682,futurecms.at
3683,go.leg.br
3684,goiania.br
3685,gouv.km
3686,gov.mr
3687,gov.mu
3688,grainger
3689,gyeonggi.kr
3690,hakuba.nagano.jp
3691,health-carereform.com
3692,hyundai
3693,i.se
3694,ifm
3695,ikeda.fukui.jp
3696,ikeda.osaka.jp
3697,in-the-band.net
3698,ind.tn
3699,info.tt
3700,is-a-chef.org
3701,is-a-liberal.com
3702,is-a-linux-user.org
3703,is-a-nurse.com
3704,is-an-actress.com
3705,is-an-artist.com
3706,is-into-cars.com
3707,isa-hockeynut.com
3708,isahaya.nagasaki.jp
3709,isteingeek.de
3710,itabashi.tokyo.jp
3711,jot
3712,kamisu.ibaraki.jp
3713,kashima.ibaraki.jp
3714,kinder
3715,kirovograd.ua
3716,kokubunji.tokyo.jp
3717,konskowola.pl
3718,koshigaya.saitama.jp
3719,kr.it
3720,kuokgroup
3721,kurume.fukuoka.jp
3722,kvam.no
3723,leitungsen.de
3724,lexus
3725,lib.ak.us
3726,lib.nv.us
3727,lilly
3728,lima-city.at
3729,living
3730,loft
3731,machida.tokyo.jp
3732,matera.it
3733,me.tz
3734,meguro.tokyo.jp
3735,miasta.pl
3736,mil.ae
3737,mincom.tn
3738,mint
3739,mobi.ke
3740,morioka.iwate.jp
3741,mymediapc.net
3742,naturalhistory.museum
3743,nc.tr
3744,nerima.tokyo.jp
3745,net.sd
3746,nishiawakura.okayama.jp
3747,nishigo.fukushima.jp
3748,nissan
3749,northwesternmutual
3750,ntr.br
3751,ong.br
3752,org.iq
3753,org.pf
3754,pavia.it
3755,playstation
3756,praxi
3757,prof
3758,pvh.br
3759,ragusa.it
3760,recife.br
3761,reliance
3762,rn.leg.br
3763,s.se
3764,santoandre.br
3765,sch.zm
3766,schaeffler
3767,sec.ps
3768,servehumour.com
3769,shibuya.tokyo.jp
3770,sld.pa
3771,sorocaba.br
3772,square7.de
3773,static-access.net
3774,suginami.tokyo.jp
3775,symantec
3776,synology-ds.de
3777,takatsuki.osaka.jp
3778,tatamotors
3779,tokai.aichi.jp
3780,trafficplex.cloud
3781,tsu.mie.jp
3782,utazas.hu
3783,uzs.gov.pl
3784,vig
3785,w.bg
3786,warabi.saitama.jp
3787,washingtondc.museum
3788,wellbeingzone.co.uk
3789,withyoutube.com
3790,wolterskluwer
3791,wsa.gov.pl
3792,wtc
3793,xenapponazure.com
3794,xn--80ao21a
3795,xn--kcrx77d1x4a
3796,xn--l1acc
3797,xn--mix891f
3798,xn--wgbl6a
3799,yawata.kyoto.jp
3800,1kapp.com
3801,4lima.de
3802,abiko.chiba.jp
3803,ac.im
3804,ac.se
3805,ac.sz
3806,adachi.tokyo.jp
3807,ah.no
3808,airbus
3809,akashi.hyogo.jp
3810,al.leg.br
3811,allstate
3812,alto-adige.it
3813,arts.ve
3814,asahi.chiba.jp
3815,ascoli-piceno.it
3816,asso.dz
3817,asso.re
3818,avellino.it
3819,avianca
3820,awdev.ca
3821,barsy.bg
3822,barsyonline.com
3823,baseball
3824,bauhaus
3825,beauty
3826,bergen.no
3827,bond
3828,bonn.museum
3829,boston.museum
3830,budapest
3831,byen.site
3832,carboniaiglesias.it
3833,cartier
3834,catanzaro.it
3835,cc.mo.us
3836,cc.pa.us
3837,cc.va.us
3838,cc.wy.us
3839,cherkasy.ua
3840,chicago.museum
3841,chrysler
3842,cipriani
3843,circle
3844,citadel
3845,clinique
3846,cloudns.info
3847,co.pw
3848,com.ac
3849,com.re
3850,cruise
3851,dagestan.ru
3852,deal
3853,discover
3854,dish
3855,diy
3856,drammen.no
3857,drud.io
3858,dyndns1.de
3859,e.se
3860,eaton.mi.us
3861,edu.dm
3862,edu.gu
3863,edu.kp
3864,edu.sb
3865,edu.tm
3866,emerck
3867,emiliaromagna.it
3868,eng.pro
3869,est-a-la-maison.com
3870,ex.futurecms.at
3871,fairwinds
3872,farmers
3873,fi.eu.org
3874,fie.ee
3875,filegear.me
3876,fjell.no
3877,fresenius
3878,from-ak.com
3879,from-nj.com
3880,from-pa.com
3881,from-vt.com
3882,fukuchiyama.kyoto.jp
3883,ginowan.okinawa.jp
3884,glug.org.uk
3885,godaddy
3886,gov.gu
3887,gov.nr
3888,groks-this.info
3889,gs.ah.no
3890,gwangju.kr
3891,hachinohe.aomori.jp
3892,hakodate.hokkaido.jp
3893,hamura.tokyo.jp
3894,hasura.app
3895,hbo
3896,hdfc
3897,health.vn
3898,hida.gifu.jp
3899,higashimurayama.tokyo.jp
3900,hikone.shiga.jp
3901,himeji.hyogo.jp
3902,hitachinaka.ibaraki.jp
3903,hm.no
3904,homesecuritypc.com
3905,honeywell
3906,hosting-cluster.nl
3907,hu.net
3908,hyatt
3909,ibaraki.osaka.jp
3910,ichihara.chiba.jp
3911,ichikawa.chiba.jp
3912,ichinoseki.iwate.jp
3913,ikano
3914,imdb
3915,intel
3916,is-a-blogger.com
3917,is-a-financialadvisor.com
3918,is-a-landscaper.com
3919,is-a-personaltrainer.com
3920,is-uberleet.com
3921,is-very-sweet.org
3922,isehara.kanagawa.jp
3923,iselect
3924,issmarterthanyou.com
3925,its.me
3926,iwaki.fukushima.jp
3927,iwamizawa.hokkaido.jp
3928,jan-mayen.no
3929,jeonnam.kr
3930,kadena.okinawa.jp
3931,karuizawa.nagano.jp
3932,kasuga.fukuoka.jp
3933,kasugai.aichi.jp
3934,kerryproperties
3935,kishiwada.osaka.jp
3936,kita.tokyo.jp
3937,kiyosu.aichi.jp
3938,kobierzyce.pl
3939,kwp.gov.pl
3940,kyotamba.kyoto.jp
3941,lakas.hu
3942,lamer
3943,lasalle
3944,lib.az.us
3945,lifestyle
3946,london.museum
3947,londrina.br
3948,lpl
3949,ltd.lk
3950,lupin
3951,med.ly
3952,mediocampidano.it
3953,mein-vigor.de
3954,michigan.museum
3955,mil.al
3956,mormon
3957,mr.no
3958,ms.leg.br
3959,mt.it
3960,musica.ar
3961,mw.gov.pl
3962,n.se
3963,nalchik.ru
3964,name.qa
3965,nec
3966,net.cm
3967,net.kz
3968,net.me
3969,net.nf
3970,netbank
3971,news.hu
3972,nhk
3973,nic.tj
3974,nikaho.akita.jp
3975,nis.za
3976,nishiaizu.fukushima.jp
3977,nissedal.no
3978,noho.st
3979,nokia
3980,nom.al
3981,nom.pl
3982,nym.pt
3983,nym.sk
3984,og.it
3985,ogliastra.it
3986,ohtawara.tochigi.jp
3987,online.museum
3988,oracle
3989,org.bi
3990,org.gi
3991,org.gn
3992,org.pr
3993,org.vu
3994,origins
3995,osakikamijima.hiroshima.jp
3996,pa.leg.br
3997,pi.leg.br
3998,pl.eu.org
3999,pmn.it
4000,pub.sa
4001,ril
4002,rj.leg.br
4003,rs.leg.br
4004,saga.saga.jp
4005,sayama.saitama.jp
4006,sciencecenter.museum
4007,servesarcasm.com
4008,seto.aichi.jp
4009,shaw
4010,shia
4011,shiiba.miyazaki.jp
4012,shimonoseki.yamaguchi.jp
4013,shirakawa.fukushima.jp
4014,shiwa.iwate.jp
4015,shriram
4016,siljan.no
4017,skin
4018,sohu
4019,stada
4020,starostwo.gov.pl
4021,statebank
4022,statefarm
4023,stufftoread.com
4024,suzuki
4025,taa.it
4026,taiji.wakayama.jp
4027,tamba.hyogo.jp
4028,tci
4029,temasek
4030,thd
4031,tjx
4032,tm.za
4033,tobetsu.hokkaido.jp
4034,tochigi.tochigi.jp
4035,toda.saitama.jp
4036,tokamachi.niigata.jp
4037,tome.miyagi.jp
4038,tos.it
4039,toyama.toyama.jp
4040,toyonaka.osaka.jp
4041,toyooka.hyogo.jp
4042,traeumtgerade.de
4043,tvs
4044,us-gov-west-1.elasticbeanstalk.com
4045,viking
4046,volvo
4047,vpnplus.to
4048,vs.it
4049,w.se
4050,walter
4051,wiw.gov.pl
4052,www.ro
4053,xn--1ck2e1b
4054,xn--42c2d9a
4055,xn--c1avg.xn--90a3ac
4056,xn--cck2b3b
4057,xn--efvy88h
4058,xn--fct429k
4059,xn--fzc2c9e2c
4060,xn--mgba3a4f16a.ir
4061,xn--mgbx4cd0ab
4062,xn--mxtq1m
4063,xn--ngbrx
4064,xn--w4r85el8fhu5dnra
4065,xn--wgbh1c
4066,xn--y9a3aq
4067,yonezawa.yamagata.jp
4068,zamami.okinawa.jp
4069,12hp.ch
4070,2ix.at
4071,4u.com
4072,abbvie
4073,able
4074,adac
4075,adygeya.ru
4076,adygeya.su
4077,agano.niigata.jp
4078,akita.akita.jp
4079,aktyubinsk.su
4080,akune.kagoshima.jp
4081,alabama.museum
4082,amagasaki.hyogo.jp
4083,americanart.museum
4084,americanexpress
4085,analytics
4086,anan.tokushima.jp
4087,aquarelle
4088,arakawa.tokyo.jp
4089,art.dz
4090,at.eu.org
4091,atlanta.museum
4092,atm.pl
4093,aviation.museum
4094,ba.leg.br
4095,backplaneapp.io
4096,barsy.support
4097,bauern.museum
4098,berlin.museum
4099,bharti
4100,blanco
4101,blockbuster
4102,blogsite.xyz
4103,botany.museum
4104,brand.se
4105,bungotakada.oita.jp
4106,campobasso.it
4107,canada.museum
4108,caseih
4109,catholic
4110,cbn
4111,cbre
4112,cc.az.us
4113,center.museum
4114,chikuma.nagano.jp
4115,childrens.museum
4116,chitose.hokkaido.jp
4117,chuo.fukuoka.jp
4118,cloudycluster.net
4119,cng.br
4120,coldwar.museum
4121,com.bi
4122,com.gl
4123,com.gp
4124,com.mg
4125,com.rw
4126,com.vi
4127,communication.museum
4128,cyon.site
4129,d.bg
4130,d.se
4131,database.museum
4132,date.fukushima.jp
4133,deloitte
4134,dev-myqnapcloud.com
4135,dodge
4136,dupont
4137,ebiz.tw
4138,edu.ml
4139,embroidery.museum
4140,enna.it
4141,erni
4142,erotica.hu
4143,esq
4144,estate.museum
4145,etisalat
4146,eurovision
4147,exnet.su
4148,extraspace
4149,ferrero
4150,firewall-gateway.net
4151,fm.it
4152,foggia.it
4153,for-some.biz
4154,forli-cesena.it
4155,fortmissoula.museum
4156,fredrikstad.no
4157,friuliveneziagiulia.it
4158,from-co.net
4159,from-nh.com
4160,from-sd.com
4161,frontdoor
4162,fuchu.tokyo.jp
4163,fujinomiya.shizuoka.jp
4164,fujitsu
4165,fukushima.hokkaido.jp
4166,furniture.museum
4167,furukawa.miyagi.jp
4168,futuremailing.at
4169,gallup
4170,giving
4171,gojome.akita.jp
4172,goldpoint
4173,goodyear
4174,gov.ac
4175,gov.cu
4176,gov.kp
4177,gov.nc.tr
4178,groks-the.info
4179,guardian
4180,gujo.gifu.jp
4181,hachioji.tokyo.jp
4182,haebaru.okinawa.jp
4183,hair
4184,hakusan.ishikawa.jp
4185,hamburg.museum
4186,hammerfest.no
4187,hanno.saitama.jp
4188,hashbang.sh
4189,hashikami.aomori.jp
4190,hdfcbank
4191,health.museum
4192,heguri.nara.jp
4193,helsinki
4194,herad.no
4195,hgtv
4196,hino.tokyo.jp
4197,hirokawa.fukuoka.jp
4198,hk.org
4199,horokanai.hokkaido.jp
4200,horten.no
4201,hotel.lk
4202,ichinomiya.aichi.jp
4203,imizu.toyama.jp
4204,inagi.tokyo.jp
4205,indy
4206,info.au
4207,info.na
4208,ip6.arpa
4209,is-a-anarchist.com
4210,is-a-bookkeeper.com
4211,is-a-bruinsfan.org
4212,is-a-conservative.com
4213,is-a-cubicle-slave.com
4214,is-a-llama.com
4215,is-a-patsfan.org
4216,is-a-soxfan.org
4217,is-an-accountant.com
4218,is-an-engineer.com
4219,is-into-anime.com
4220,is-into-cartoons.com
4221,is-into-games.com
4222,is.gov.pl
4223,ise.mie.jp
4224,isernia.it
4225,ishikawa.fukushima.jp
4226,isla.pr
4227,itami.hyogo.jp
4228,iwakura.aichi.jp
4229,iwanai.hokkaido.jp
4230,izena.okinawa.jp
4231,jeju.kr
4232,jeonbuk.kr
4233,jewish.museum
4234,joetsu.niigata.jp
4235,kamaishi.iwate.jp
4236,kamifurano.hokkaido.jp
4237,kamikawa.saitama.jp
4238,kanazawa.ishikawa.jp
4239,kasamatsu.gifu.jp
4240,kashihara.nara.jp
4241,kasumigaura.ibaraki.jp
4242,katsuragi.nara.jp
4243,kitakami.iwate.jp
4244,kitashiobara.fukushima.jp
4245,kochi.kochi.jp
4246,koga.fukuoka.jp
4247,kokonoe.oita.jp
4248,komaki.aichi.jp
4249,koriyama.fukushima.jp
4250,kosai.shizuoka.jp
4251,kounosu.saitama.jp
4252,kouzushima.tokyo.jp
4253,kunden.ortsinfo.at
4254,kuroishi.aomori.jp
4255,kusatsu.gunma.jp
4256,kutchan.hokkaido.jp
4257,kviteseid.no
4258,kwpsp.gov.pl
4259,la-spezia.it
4260,lancaster
4261,lancome
4262,lanxess
4263,latino
4264,lego
4265,lib.ct.us
4266,lib.id.us
4267,lib.nd.us
4268,lillehammer.no
4269,lillesand.no
4270,lima-city.ch
4271,lom.no
4272,lorenskog.no
4273,maif
4274,manx.museum
4275,maritime.museum
4276,massa-carrara.it
4277,mattel
4278,mckinsey
4279,med.ee
4280,medical.museum
4281,mein-iserv.de
4282,meme
4283,merseine.nu
4284,mihara.hiroshima.jp
4285,mil.gh
4286,mil.hn
4287,mil.qa
4288,mil.tr
4289,minakami.gunma.jp
4290,mining.museum
4291,minnesota.museum
4292,mino.gifu.jp
4293,minokamo.gifu.jp
4294,minowa.nagano.jp
4295,mishima.shizuoka.jp
4296,missile.museum
4297,mitaka.tokyo.jp
4298,mitsubishi
4299,miyazu.kyoto.jp
4300,mlb
4301,montreal.museum
4302,mopar
4303,moriya.ibaraki.jp
4304,moscow.museum
4305,moto
4306,mt.leg.br
4307,musashino.tokyo.jp
4308,my-vigor.de
4309,myactivedirectory.com
4310,mysecuritycamera.net
4311,nabari.mie.jp
4312,nagano.nagano.jp
4313,nagareyama.chiba.jp
4314,nagato.yamaguchi.jp
4315,nago.okinawa.jp
4316,nakanoto.ishikawa.jp
4317,name.eg
4318,nanao.ishikawa.jp
4319,net.ai
4320,net.bb
4321,net.bh
4322,net.bt
4323,net.je
4324,net.ky
4325,net.pn
4326,net.so
4327,net.st
4328,net.tm
4329,net.zm
4330,niihama.ehime.jp
4331,nl.no
4332,nom.gd
4333,nom.gl
4334,nom.pw
4335,nomi.ishikawa.jp
4336,nordkapp.no
4337,notodden.no
4338,nov.su
4339,nt.no
4340,nuernberg.museum
4341,numata.gunma.jp
4342,nym.mx
4343,nym.su
4344,obihiro.hokkaido.jp
4345,oga.akita.jp
4346,ohkura.yamagata.jp
4347,oita.oita.jp
4348,okayama.okayama.jp
4349,ollo
4350,omi.niigata.jp
4351,or.ci
4352,org.ai
4353,org.gu
4354,org.sl
4355,org.to
4356,osakasayama.osaka.jp
4357,otago.museum
4358,oy.lc
4359,panasonic
4360,pb.leg.br
4361,per.la
4362,pimienta.org
4363,press.se
4364,presse.ml
4365,pro.cy
4366,psp.gov.pl
4367,public.museum
4368,quebec.museum
4369,realestate.pl
4370,redstone
4371,reggio-calabria.it
4372,reggio-emilia.it
4373,reggiocalabria.it
4374,resindevice.io
4375,rns.tn
4376,roros.no
4377,rr.leg.br
4378,rsvp
4379,saiki.oita.jp
4380,sakata.yamagata.jp
4381,saku.nagano.jp
4382,sakura
4383,sandiego.museum
4384,sarufutsu.hokkaido.jp
4385,sellsyourhome.org
4386,semboku.akita.jp
4387,sensiosite.cloud
4388,setagaya.tokyo.jp
4389,shell.museum
4390,shingu.fukuoka.jp
4391,shinjuku.tokyo.jp
4392,shinonsen.hyogo.jp
4393,shizukuishi.iwate.jp
4394,shizuoka.shizuoka.jp
4395,shonai.yamagata.jp
4396,shop.ro
4397,showtime
4398,sicily.it
4399,ski.no
4400,soka.saitama.jp
4401,sokndal.no
4402,spiegel
4403,st.no
4404,starhub
4405,station.museum
4406,statoil
4407,store.st
4408,stuff-4-sale.org
4409,susaki.kochi.jp
4410,swatch
4411,tajimi.gifu.jp
4412,takamatsu.kagawa.jp
4413,takarazuka.hyogo.jp
4414,takayama.nagano.jp
4415,talk
4416,tdk
4417,tendo.yamagata.jp
4418,tiaa
4419,tjome.no
4420,to.leg.br
4421,tokushima.tokushima.jp
4422,tonami.toyama.jp
4423,tourism.pl
4424,tourism.tn
4425,toyohashi.aichi.jp
4426,tozsde.hu
4427,tr.no
4428,trust.museum
4429,tunes
4430,tunk.org
4431,tuscany.it
4432,u.se
4433,uji.kyoto.jp
4434,uonuma.niigata.jp
4435,va.no
4436,vana
4437,venice.it
4438,verbania.it
4439,virtualuser.de
4440,visa
4441,vistaprint
4442,vladikavkaz.ru
4443,vuelos
4444,xbox
4445,xn--30rr7y
4446,xn--55qw42g
4447,xn--9et52u
4448,xn--bck1b9a5dre4c
4449,xn--flw351e
4450,xn--jvr189m
4451,xn--mgb9awbf
4452,xn--mgba3a4f16a
4453,xn--mix082f
4454,xn--nqv7fs00ema
4455,xn--ogbpf8fl
4456,xn--vermgensberatung-pwb
4457,xn--w4rs40l
4458,xn--xkc2al3hye2a
4459,xn--ygbi2ammx
4460,xn--zfr164b
4461,xnbay.com
4462,y.se
4463,yachiyo.chiba.jp
4464,yaizu.shizuoka.jp
4465,yamaga.kumamoto.jp
4466,yamagata.yamagata.jp
4467,yamato.kanagawa.jp
4468,yanaizu.fukushima.jp
4469,yao.osaka.jp
4470,yasugi.shimane.jp
4471,yun
4472,yusuhara.kochi.jp
4473,z.se
4474,zama.kanagawa.jp
4475,zapto.xyz
4476,zp.gov.pl
4477,1.bg
4478,12hp.at
4479,1337.pictures
4480,2ix.ch
4481,4lima.at
4482,4lima.ch
4483,9guacu.br
4484,a.bg
4485,abarth
4486,ac.pr
4487,academia.bo
4488,afjord.no
4489,aga.niigata.jp
4490,agakhan
4491,aigo
4492,ainan.ehime.jp
4493,aisho.shiga.jp
4494,aizubange.fukushima.jp
4495,akdn
4496,akiruno.tokyo.jp
4497,akkeshi.hokkaido.jp
4498,alces.network
4499,alfaromeo
4500,alipay
4501,alpha-myqnapcloud.com
4502,ama.aichi.jp
4503,american.museum
4504,amfam
4505,amica
4506,amli.no
4507,amsterdam.museum
4508,anjo.aichi.jp
4509,ann-arbor.mi.us
4510,annefrank.museum
4511,anthropology.museum
4512,app.os.fedoraproject.org
4513,arab
4514,armenia.su
4515,arts.co
4516,arts.museum
4517,asago.hyogo.jp
4518,asakuchi.okayama.jp
4519,asker.no
4520,askim.no
4521,aso.kumamoto.jp
4522,assn.lk
4523,asso.ht
4524,atami.shizuoka.jp
4525,auspost
4526,aya.miyazaki.jp
4527,ayabe.kyoto.jp
4528,ayase.kanagawa.jp
4529,azumino.nagano.jp
4530,b.se
4531,bar.pro
4532,barrel-of-knowledge.info
4533,bd.se
4534,be.eu.org
4535,beats
4536,bergbau.museum
4537,bibai.hokkaido.jp
4538,bifuka.hokkaido.jp
4539,bihoro.hokkaido.jp
4540,biratori.hokkaido.jp
4541,biz.cy
4542,biz.pk
4543,biz.tj
4544,bmoattachments.org
4545,bodo.no
4546,boehringer
4547,bofa
4548,bolivia.bo
4549,bostik
4550,bozen.it
4551,brasil.museum
4552,bridgestone
4553,bronnoy.no
4554,brunel.museum
4555,cam.it
4556,cbg.ru
4557,cc.ar.us
4558,cc.co.us
4559,cc.in.us
4560,cc.ma.us
4561,cc.mt.us
4562,cc.na
4563,cc.ri.us
4564,ch.eu.org
4565,chernovtsy.ua
4566,chesapeakebay.museum
4567,chihayaakasaka.osaka.jp
4568,children.museum
4569,chimkent.su
4570,chintai
4571,chirurgiens-dentistes-en-france.fr
4572,chizu.tottori.jp
4573,chungnam.kr
4574,chuo.yamanashi.jp
4575,city.hu
4576,cloud.metacentrum.cz
4577,cloudcontrolapp.com
4578,cloudcontrolled.com
4579,cloudeity.net
4580,cloudns.in
4581,cn.eu.org
4582,co.gl
4583,co.pn
4584,cody.museum
4585,com.aw
4586,com.is
4587,com.km
4588,com.pf
4589,comsec
4590,contemporaryart.museum
4591,cookingchannel
4592,coop.ht
4593,corporation.museum
4594,cultural.museum
4595,cupcake.is
4596,cyou
4597,daegu.kr
4598,dagestan.su
4599,daigo.ibaraki.jp
4600,daisen.akita.jp
4601,daito.osaka.jp
4602,dattolocal.com
4603,dattorelay.com
4604,definima.io
4605,denmark.museum
4606,depot.museum
4607,discovery.museum
4608,dni.us
4609,doha
4610,dominic.ua
4611,dtv
4612,dubai
4613,duck
4614,dunlop
4615,duns
4616,dyn.ddnss.de
4617,dynamic-dns.info
4618,dyroy.no
4619,ebetsu.hokkaido.jp
4620,ebina.kanagawa.jp
4621,ed.ci
4622,edu.ac
4623,edu.bm
4624,edu.gl
4625,edu.mw
4626,edu.tj
4627,education.museum
4628,eidsvoll.no
4629,eniwa.hokkaido.jp
4630,epson
4631,erotika.hu
4632,est-a-la-masion.com
4633,est-le-patron.com
4634,est-mon-blogueur.com
4635,est.pr
4636,ethnology.museum
4637,eu.meteorapp.com
4638,everbank
4639,ex.ortsinfo.at
4640,exeter.museum
4641,farm.museum
4642,fedje.no
4643,fhv.se
4644,fido
4645,field.museum
4646,firm.ht
4647,fm.no
4648,fnd.br
4649,forlicesena.it
4650,freeboxos.com
4651,frei.no
4652,from-al.com
4653,from-ar.com
4654,from-ma.com
4655,from-nm.com
4656,from-nv.com
4657,fuchu.hiroshima.jp
4658,fudai.iwate.jp
4659,fuettertdasnetz.de
4660,fuji.shizuoka.jp
4661,fujikawa.yamanashi.jp
4662,fujimino.saitama.jp
4663,fujiyoshida.yamanashi.jp
4664,fukagawa.hokkaido.jp
4665,fukuroi.shizuoka.jp
4666,fylkesbibl.no
4667,g.se
4668,gallo
4669,gen.mi.us
4670,georgia.su
4671,ggee
4672,ginan.gifu.jp
4673,giske.no
4674,git-repos.de
4675,gnu
4676,go.ci
4677,godo.gifu.jp
4678,gol.no
4679,goto.nagasaki.jp
4680,gov.as
4681,gov.cx
4682,gov.km
4683,gran.no
4684,grandrapids.museum
4685,griw.gov.pl
4686,grocery
4687,grozny.ru
4688,grp.lk
4689,gs.fm.no
4690,gs.hm.no
4691,gs.mr.no
4692,gs.rl.no
4693,gs.tr.no
4694,gs.va.no
4695,gucci
4696,guge
4697,gyeongbuk.kr
4698,habikino.osaka.jp
4699,hachijo.tokyo.jp
4700,hadano.kanagawa.jp
4701,hagi.yamaguchi.jp
4702,hakata.fukuoka.jp
4703,hakui.ishikawa.jp
4704,halsa.no
4705,hamamatsu.shizuoka.jp
4706,hamar.no
4707,hanawa.fukushima.jp
4708,handson.museum
4709,hara.nagano.jp
4710,hasama.oita.jp
4711,haugesund.no
4712,hekinan.aichi.jp
4713,here-for-more.info
4714,heritage.museum
4715,hichiso.gifu.jp
4716,higashi.okinawa.jp
4717,higashikawa.hokkaido.jp
4718,higashishirakawa.gifu.jp
4719,hikari.yamaguchi.jp
4720,hino.tottori.jp
4721,hinode.tokyo.jp
4722,hinohara.tokyo.jp
4723,hirado.nagasaki.jp
4724,hirakata.osaka.jp
4725,hirara.okinawa.jp
4726,hirosaki.aomori.jp
4727,hisayama.fukuoka.jp
4728,historisch.museum
4729,hita.oita.jp
4730,hobol.no
4731,hokuto.hokkaido.jp
4732,hole.no
4733,homesecuritymac.com
4734,homesense
4735,honbetsu.hokkaido.jp
4736,hvaler.no
4737,hyuga.miyazaki.jp
4738,ibara.okayama.jp
4739,ichikai.tochigi.jp
4740,ieee
4741,ilovecollege.info
4742,imamat
4743,imari.saga.jp
4744,in.na
4745,inawashiro.fukushima.jp
4746,inazawa.aichi.jp
4747,inc.hk
4748,incheon.kr
4749,inderoy.no
4750,infiniti
4751,info.at
4752,info.bo
4753,info.cx
4754,info.et
4755,info.ni
4756,info.sd
4757,ino.kochi.jp
4758,intelligence.museum
4759,iraq.museum
4760,iruma.saitama.jp
4761,is-a-bulls-fan.com
4762,is-a-celticsfan.org
4763,is-a-green.com
4764,is-a-knight.org
4765,is-a-libertarian.com
4766,is-a-musician.com
4767,is-a-nascarfan.com
4768,is-a-photographer.com
4769,is-a-socialist.com
4770,is-a-teacher.com
4771,is-a-therapist.com
4772,is-an-anarchist.com
4773,is-an-entertainer.com
4774,is-not-certified.com
4775,is-with-theband.com
4776,isen.kagoshima.jp
4777,isesaki.gunma.jp
4778,ishigaki.okinawa.jp
4779,ishikari.hokkaido.jp
4780,itakura.gunma.jp
4781,itano.tokushima.jp
4782,itoigawa.niigata.jp
4783,itoman.okinawa.jp
4784,iveco
4785,izu.shizuoka.jp
4786,izumi.kagoshima.jp
4787,izumo.shimane.jp
4788,izumozaki.niigata.jp
4789,jambyl.su
4790,jampa.br
4791,jeep
4792,jobs.tt
4793,jpmorgan
4794,k12.as.us
4795,k12.vi.us
4796,kakegawa.shizuoka.jp
4797,kakogawa.hyogo.jp
4798,kakuda.miyagi.jp
4799,kalmykia.ru
4800,kamakura.kanagawa.jp
4801,kameoka.kyoto.jp
4802,kami.kochi.jp
4803,kamigori.hyogo.jp
4804,kamikitayama.nara.jp
4805,kaminokawa.tochigi.jp
4806,kaminoyama.yamagata.jp
4807,kamo.niigata.jp
4808,kaneyama.fukushima.jp
4809,kanie.aichi.jp
4810,kanoya.kagoshima.jp
4811,karelia.su
4812,kariya.aichi.jp
4813,karumai.iwate.jp
4814,kasai.hyogo.jp
4815,kasama.ibaraki.jp
4816,katagami.akita.jp
4817,katori.chiba.jp
4818,kawajima.saitama.jp
4819,kawakita.ishikawa.jp
4820,kawanishi.yamagata.jp
4821,kazo.saitama.jp
4822,kddi
4823,keisen.fukuoka.jp
4824,khmelnitskiy.ua
4825,kids.us
4826,kijo.miyazaki.jp
4827,kikonai.hokkaido.jp
4828,kitakata.fukushima.jp
4829,kitamoto.saitama.jp
4830,kitayama.wakayama.jp
4831,kmpsp.gov.pl
4832,kodaira.tokyo.jp
4833,kofu.yamanashi.jp
4834,koka.shiga.jp
4835,komae.tokyo.jp
4836,komagane.nagano.jp
4837,komatsu.ishikawa.jp
4838,kommunalforbund.se
4839,kongsberg.no
4840,konsulat.gov.pl
4841,konyvelo.hu
4842,koryo.nara.jp
4843,kosher
4844,koshu.yamanashi.jp
4845,kota.aichi.jp
4846,kotohira.kagawa.jp
4847,kotoura.tottori.jp
4848,koya.wakayama.jp
4849,krasnodar.su
4850,kristiansand.no
4851,kuji.iwate.jp
4852,kumamoto.kumamoto.jp
4853,kumano.hiroshima.jp
4854,kunigami.okinawa.jp
4855,kunimi.fukushima.jp
4856,kunisaki.oita.jp
4857,kunitachi.tokyo.jp
4858,kunohe.iwate.jp
4859,kunstunddesign.museum
4860,kurashiki.okayama.jp
4861,kure.hiroshima.jp
4862,kurobe.toyama.jp
4863,kustanai.ru
4864,kusu.oita.jp
4865,kuzumaki.iwate.jp
4866,kv.ua
4867,kvinnherad.no
4868,l.se
4869,labour.museum
4870,lacaixa
4871,ladbrokes
4872,lancia
4873,landing.myjino.ru
4874,larvik.no
4875,lib.mt.us
4876,lib.tn.us
4877,lib.wy.us
4878,lifeinsurance
4879,lima-city.rocks
4880,lima.zone
4881,linkyard.cloud
4882,lixil
4883,localhistory.museum
4884,locker
4885,locus
4886,lom.it
4887,losangeles.museum
4888,lotte
4889,ltd.gi
4890,ltd.hk
4891,lyngdal.no
4892,ma.leg.br
4893,macerata.it
4894,macys
4895,maebashi.gunma.jp
4896,makinohara.shizuoka.jp
4897,mangyshlak.su
4898,maringa.br
4899,masaki.ehime.jp
4900,maserati
4901,matsubara.osaka.jp
4902,matsudo.chiba.jp
4903,matsue.shimane.jp
4904,matsukawa.nagano.jp
4905,matsusaka.mie.jp
4906,matsushima.miyagi.jp
4907,matsuyama.ehime.jp
4908,matsuzaki.shizuoka.jp
4909,med.pro
4910,metlife
4911,miasa.nagano.jp
4912,miharu.fukushima.jp
4913,mil.gt
4914,mil.in
4915,mil.kg
4916,mil.tw
4917,mil.tz
4918,milan.it
4919,military.museum
4920,minami-alps.yamanashi.jp
4921,minamiawaji.hyogo.jp
4922,minamiboso.chiba.jp
4923,minamiizu.shizuoka.jp
4924,minamiuonuma.niigata.jp
4925,misato.miyagi.jp
4926,miura.kanagawa.jp
4927,miyakonojo.miyazaki.jp
4928,mizumaki.fukuoka.jp
4929,mizusawa.iwate.jp
4930,mol.it
4931,molde.no
4932,money.museum
4933,moonscale.net
4934,mordovia.ru
4935,morena.br
4936,moriguchi.osaka.jp
4937,moss.no
4938,muko.kyoto.jp
4939,mulhouse.museum
4940,museumcenter.museum
4941,mutual
4942,mydissent.net
4943,mysecuritycamera.org
4944,mytis.ru
4945,nagahama.shiga.jp
4946,nagaoka.niigata.jp
4947,nagaokakyo.kyoto.jp
4948,naka.ibaraki.jp
4949,nakagusuku.okinawa.jp
4950,nakama.fukuoka.jp
4951,nakatsugawa.gifu.jp
4952,name.hr
4953,name.jo
4954,name.mk
4955,name.pr
4956,namerikawa.toyama.jp
4957,namsos.no
4958,nantan.kyoto.jp
4959,nanto.toyama.jp
4960,narita.chiba.jp
4961,narusawa.yamanashi.jp
4962,naruto.tokushima.jp
4963,natura
4964,navoi.su
4965,ne.ug
4966,net.ac
4967,net.af
4968,net.ag
4969,net.al
4970,net.ci
4971,net.dm
4972,net.gp
4973,net.im
4974,net.is
4975,net.lr
4976,net.mu
4977,net.ps
4978,net.sc
4979,net.tj
4980,net.vc
4981,newholland
4982,newjersey.museum
4983,neyagawa.osaka.jp
4984,ngo.ph
4985,ngo.za
4986,niepce.museum
4987,ninohe.iwate.jp
4988,nishiizu.shizuoka.jp
4989,nishinomiya.hyogo.jp
4990,nittedal.no
4991,nobeoka.miyazaki.jp
4992,noda.iwate.jp
4993,nogi.tochigi.jp
4994,nom.gt
4995,nom.hn
4996,nom.im
4997,nom.li
4998,nom.nu
4999,nom.pe
5000,nom.uy
5001,nom.vc
5002,nom.vg
5003,noshiro.akita.jp
5004,noto.ishikawa.jp
5005,nowtv
5006,nozawaonsen.nagano.jp
5007,nt.au
5008,numata.hokkaido.jp
5009,numazu.shizuoka.jp
5010,nuremberg.museum
5011,nyc.museum
5012,nym.bz
5013,nym.ie
5014,nym.kz
5015,nym.li
5016,nym.lu
5017,nym.me
5018,nym.nz
5019,nym.pe
5020,nym.tw
5021,nz.eu.org
5022,obanazawa.yamagata.jp
5023,obu.aichi.jp
5024,obuse.nagano.jp
5025,odawara.kanagawa.jp
5026,odesa.ua
5027,of.no
5028,ofunato.iwate.jp
5029,ogaki.gifu.jp
5030,ohi.fukui.jp
5031,oishida.yamagata.jp
5032,okazaki.aichi.jp
5033,okinawa.okinawa.jp
5034,okuma.fukushima.jp
5035,okutama.tokyo.jp
5036,olbiatempio.it
5037,omachi.saga.jp
5038,ome.tokyo.jp
5039,omihachiman.shiga.jp
5040,omuta.fukuoka.jp
5041,onjuku.chiba.jp
5042,ono.hyogo.jp
5043,operaunite.com
5044,oregon.museum
5045,oregontrail.museum
5046,org.ac
5047,org.ag
5048,org.ci
5049,org.dm
5050,org.gl
5051,org.kp
5052,org.mg
5053,org.ml
5054,org.mu
5055,org.sc
5056,org.sn
5057,org.st
5058,org.uz
5059,oristano.it
5060,orkdal.no
5061,orland.no
5062,osaki.miyagi.jp
5063,osen.no
5064,oshino.yamanashi.jp
5065,oshu.iwate.jp
5066,oss
5067,ota.gunma.jp
5068,otake.hiroshima.jp
5069,otaki.nagano.jp
5070,otari.nagano.jp
5071,otoineppu.hokkaido.jp
5072,otsu.shiga.jp
5073,otsuchi.iwate.jp
5074,ownprovider.com
5075,oyabe.toyama.jp
5076,oyer.no
5077,ozu.ehime.jp
5078,p.bg
5079,p.se
5080,parliament.cy
5081,pars
5082,passagens
5083,pccw
5084,pcloud.host
5085,pesaro-urbino.it
5086,photography.museum
5087,pinb.gov.pl
5088,pixolino.com
5089,prd.mg
5090,progressive
5091,pup.gov.pl
5092,pvt.k12.ma.us
5093,r.bg
5094,r.se
5095,rackmaze.com
5096,rackmaze.net
5097,railway.museum
5098,rakkestad.no
5099,realm.cz
5100,rec.co
5101,red.sv
5102,redumbrella
5103,reggioemilia.it
5104,rennebu.no
5105,revista.bo
5106,ribeirao.br
5107,richardli
5108,rl.no
5109,roan.no
5110,rocher
5111,ryuoh.shiga.jp
5112,sabae.fukui.jp
5113,sado.niigata.jp
5114,sagamihara.kanagawa.jp
5115,saitama.saitama.jp
5116,sakae.chiba.jp
5117,salvadordali.museum
5118,salzburg.museum
5119,samnanger.no
5120,sandnes.no
5121,sandvikcoromant
5122,sango.nara.jp
5123,sanjo.niigata.jp
5124,saotome.st
5125,sarpsborg.no
5126,sasayama.hyogo.jp
5127,satosho.okayama.jp
5128,saves-the-whales.com
5129,scholarships
5130,scjohnson
5131,scor
5132,scrapper-site.net
5133,se.leg.br
5134,seek
5135,seika.kyoto.jp
5136,seiro.niigata.jp
5137,seki.gifu.jp
5138,sells-for-less.com
5139,shibata.miyagi.jp
5140,shibukawa.gunma.jp
5141,shichikashuku.miyagi.jp
5142,shichinohe.aomori.jp
5143,shikabe.hokkaido.jp
5144,shima.mie.jp
5145,shimada.shizuoka.jp
5146,shimamaki.hokkaido.jp
5147,shimizu.hokkaido.jp
5148,shimodate.ibaraki.jp
5149,shimogo.fukushima.jp
5150,shimoichi.nara.jp
5151,shimoji.okinawa.jp
5152,shimosuwa.nagano.jp
5153,shingu.hyogo.jp
5154,shiogama.miyagi.jp
5155,shiojiri.nagano.jp
5156,shirahama.wakayama.jp
5157,shiraoi.hokkaido.jp
5158,shiroi.chiba.jp
5159,shitara.aichi.jp
5160,shobara.hiroshima.jp
5161,sigdal.no
5162,silk
5163,ski.museum
5164,skien.no
5165,skjak.no
5166,sld.do
5167,sling
5168,snasa.no
5169,sobetsu.hokkaido.jp
5170,soc.lk
5171,soja.okayama.jp
5172,sor-fron.no
5173,southcarolina.museum
5174,spreadbetting
5175,spydeberg.no
5176,ssl.origin.cdn77-secure.org
5177,staples
5178,stord.no
5179,store.dk
5180,sue.fukuoka.jp
5181,suita.osaka.jp
5182,sukagawa.fukushima.jp
5183,sukumo.kochi.jp
5184,sula.no
5185,sumita.iwate.jp
5186,sumoto.hyogo.jp
5187,susono.shizuoka.jp
5188,suzaka.nagano.jp
5189,svalbard.no
5190,sweetpepper.org
5191,t.bg
5192,t3l3p0rt.net
5193,tadaoka.osaka.jp
5194,tadotsu.kagawa.jp
5195,tagami.niigata.jp
5196,tagawa.fukuoka.jp
5197,tainai.niigata.jp
5198,taira.toyama.jp
5199,taishi.hyogo.jp
5200,taito.tokyo.jp
5201,takahama.fukui.jp
5202,takahata.yamagata.jp
5203,takamori.nagano.jp
5204,takasago.hyogo.jp
5205,takashima.shiga.jp
5206,takasu.hokkaido.jp
5207,takayama.gunma.jp
5208,takehara.hiroshima.jp
5209,taketa.oita.jp
5210,taki.mie.jp
5211,tanabe.kyoto.jp
5212,tarama.okinawa.jp
5213,test-iserv.de
5214,time.no
5215,tobe.ehime.jp
5216,tobishima.aichi.jp
5217,togane.chiba.jp
5218,togitsu.nagasaki.jp
5219,togliatti.su
5220,togo.aichi.jp
5221,tokai.ibaraki.jp
5222,tomakomai.hokkaido.jp
5223,tomi.nagano.jp
5224,tomika.gifu.jp
5225,tomiya.miyagi.jp
5226,tone.ibaraki.jp
5227,tonosho.kagawa.jp
5228,toride.ibaraki.jp
5229,toshima.tokyo.jp
5230,tottori.tottori.jp
5231,toya.hokkaido.jp
5232,toyako.hokkaido.jp
5233,toyoake.aichi.jp
5234,toyokawa.aichi.jp
5235,toyotsu.fukuoka.jp
5236,tozawa.yamagata.jp
5237,travelers
5238,travelersinsurance
5239,trysil.no
5240,tsubame.niigata.jp
5241,tsubata.ishikawa.jp
5242,tsuiki.fukuoka.jp
5243,tsunan.niigata.jp
5244,tsuruga.fukui.jp
5245,tsurugi.ishikawa.jp
5246,tsuruoka.yamagata.jp
5247,tsushima.nagasaki.jp
5248,turen.tn
5249,turin.it
5250,tushu
5251,tv.tz
5252,twmail.cc
5253,ube.yamaguchi.jp
5254,uconnect
5255,uda.nara.jp
5256,univ.sn
5257,unnan.shimane.jp
5258,unzen.nagasaki.jp
5259,uozu.toyama.jp
5260,urakawa.hokkaido.jp
5261,urayasu.chiba.jp
5262,uruma.okinawa.jp
5263,usa.oita.jp
5264,user.party.eus
5265,usuki.oita.jp
5266,uwajima.ehime.jp
5267,valley.museum
5268,vao.it
5269,vardo.no
5270,vf.no
5271,vibovalentia.it
5272,viterbo.it
5273,viva
5274,vladimir.su
5275,wajima.ishikawa.jp
5276,wakayama.wakayama.jp
5277,wakkanai.hokkaido.jp
5278,wales.museum
5279,wanggou
5280,war.museum
5281,warman
5282,wassamu.hokkaido.jp
5283,watches
5284,web.bo
5285,web.co
5286,web.tj
5287,webspace.rocks
5288,weibo
5289,woodside
5290,xfinity
5291,xihuan
5292,xn--11b4c3d
5293,xn--12co0c3b4eva.xn--o3cw4h
5294,xn--3oq18vl8pn36a
5295,xn--3pxu8k
5296,xn--45brj9c
5297,xn--55qx5d.hk
5298,xn--55qx5d.xn--j6w193g
5299,xn--7t0a264c.jp
5300,xn--90azh.xn--90a3ac
5301,xn--9krt00a
5302,xn--b4w605ferd
5303,xn--d1alf
5304,xn--eckvdtc9d
5305,xn--estv75g
5306,xn--flor-jra.no
5307,xn--fzys8d69uvgm
5308,xn--h3cuzk1di.xn--o3cw4h
5309,xn--jlq61u9w7b
5310,xn--karmy-yua.no
5311,xn--kprw13d
5312,xn--kpu716f
5313,xn--lgbbat1ad8j
5314,xn--mgba7c0bbn0a
5315,xn--mgbaakc7dvf
5316,xn--mgbai9azgqp6j
5317,xn--mgbb9fbpob
5318,xn--mgbbh1a71e
5319,xn--mgbca7dzdo
5320,xn--mgbpl2fh
5321,xn--mgbt3dhd
5322,xn--o1ac.xn--90a3ac
5323,xn--pbt977c
5324,xn--pssy2u
5325,xn--s9brj9c
5326,xn--vermgensberater-ctb
5327,xn--wcvs22d.hk
5328,xn--wcvs22d.xn--j6w193g
5329,xn--yfro4i67o
5330,yabu.hyogo.jp
5331,yaese.okinawa.jp
5332,yaita.tochigi.jp
5333,yamada.fukuoka.jp
5334,yamada.toyama.jp
5335,yamagata.gifu.jp
5336,yamagata.nagano.jp
5337,yamanakako.yamanashi.jp
5338,yamanouchi.nagano.jp
5339,yame.fukuoka.jp
5340,yaotsu.gifu.jp
5341,yodobashi
5342,yoka.hyogo.jp
5343,yokkaichi.mie.jp
5344,yorkshire.museum
5345,yoshimi.saitama.jp
5346,yoshino.nara.jp
5347,yuasa.wakayama.jp
5348,yufu.oita.jp
5349,yugawara.kanagawa.jp
5350,yura.wakayama.jp
5351,yurihonjo.akita.jp
5352,zappos
