1,0.bg
2,001www.com
3,0emm.com
4,1.bg
5,12hp.at
6,12hp.ch
7,12hp.de
8,1337.pictures
9,16-b.it
10,1kapp.com
11,2ix.at
12,2ix.ch
13,2ix.de
14,3.bg
15,32-b.it
16,3utilities.com
17,4lima.at
18,4lima.ch
19,4lima.de
20,4u.com
21,64-b.it
22,9guacu.br
23,a.bg
24,a.prod.fastly.net
25,a.run.app
26,a.se
27,a.ssl.fastly.net
28,aaa
29,aarp
30,ab.ca
31,abarth
32,abb
33,abbott
34,abbvie
35,abc
36,abc.br
37,abeno.osaka.jp
38,abiko.chiba.jp
39,able
40,abogado
41,abruzzo.it
42,abudhabi
43,ac
44,ac.ae
45,ac.at
46,ac.be
47,ac.ci
48,ac.cn
49,ac.cr
50,ac.cy
51,ac.gov.br
52,ac.id
53,ac.il
54,ac.im
55,ac.in
56,ac.ir
57,ac.jp
58,ac.ke
59,ac.kr
60,ac.leg.br
61,ac.lk
62,ac.ls
63,ac.ma
64,ac.me
65,ac.mu
66,ac.mw
67,ac.mz
68,ac.nz
69,ac.pa
70,ac.pr
71,ac.rs
72,ac.ru
73,ac.rw
74,ac.se
75,ac.sz
76,ac.th
77,ac.tz
78,ac.ug
79,ac.uk
80,ac.vn
81,ac.za
82,ac.zm
83,ac.zw
84,academia.bo
85,academy
86,accenture
87,accesscam.org
88,accountant
89,accountants
90,aco
91,act.au
92,act.edu.au
93,active
94,actor
95,ad
96,ad.jp
97,adac
98,adachi.tokyo.jp
99,adm.br
100,ads
101,adult
102,adv.br
103,advisor.ws
104,adygeya.ru
105,adygeya.su
106,ae
107,ae.org
108,aeg
109,aero
110,aeroport.fr
111,aetna
112,af
113,afamilycompany
114,afjord.no
115,afl
116,africa
117,africa.com
118,ag
119,ag.it
120,aga.niigata.jp
121,agakhan
122,agano.niigata.jp
123,agency
124,agr.br
125,agric.za
126,agrigento.it
127,agrinet.tn
128,agro.pl
129,aguni.okinawa.jp
130,ah.cn
131,ah.no
132,ai
133,aichi.jp
134,aid.pl
135,aig
136,aigo
137,ainan.ehime.jp
138,airbus
139,airforce
140,airline.aero
141,airport.aero
142,airtel
143,aisho.shiga.jp
144,aizubange.fukushima.jp
145,aizumi.tokushima.jp
146,aizumisato.fukushima.jp
147,aizuwakamatsu.fukushima.jp
148,aju.br
149,ak.us
150,akabira.hokkaido.jp
151,akashi.hyogo.jp
152,akdn
153,akiruno.tokyo.jp
154,akishima.tokyo.jp
155,akita.akita.jp
156,akita.jp
157,akkeshi.hokkaido.jp
158,ako.hyogo.jp
159,aktyubinsk.su
160,akune.kagoshima.jp
161,al
162,al.eu.org
163,al.gov.br
164,al.it
165,al.leg.br
166,al.us
167,alabama.museum
168,aland.fi
169,alces.network
170,alessandria.it
171,alfaromeo
172,alibaba
173,alipay
174,allfinanz
175,allstate
176,ally
177,alpha-myqnapcloud.com
178,alsace
179,alstom
180,alt.za
181,alta.no
182,alto-adige.it
183,altoadige.it
184,alwaysdata.net
185,am
186,am.br
187,am.gov.br
188,am.leg.br
189,ama.aichi.jp
190,ama.shimane.jp
191,amagasaki.hyogo.jp
192,amami.kagoshima.jp
193,american.museum
194,americanart.museum
195,americanexpress
196,amex
197,amfam
198,ami.ibaraki.jp
199,amica
200,amli.no
201,amsterdam
202,amsterdam.museum
203,an.it
204,analytics
205,anan.nagano.jp
206,anan.tokushima.jp
207,ancona.it
208,android
209,anjo.aichi.jp
210,ann-arbor.mi.us
211,annaka.gunma.jp
212,annefrank.museum
213,anquan
214,anthropology.museum
215,anz
216,ao
217,ao.it
218,aol
219,aomori.aomori.jp
220,aomori.jp
221,aosta.it
222,ap-northeast-1.elasticbeanstalk.com
223,ap-northeast-2.elasticbeanstalk.com
224,ap-south-1.elasticbeanstalk.com
225,ap-southeast-1.elasticbeanstalk.com
226,ap-southeast-2.elasticbeanstalk.com
227,ap.gov.br
228,ap.gov.pl
229,ap.it
230,ap.leg.br
231,apartments
232,api.stdlib.com
233,apigee.io
234,app
235,app.os.fedoraproject.org
236,appchizi.com
237,apple
238,applicationcloud.io
239,applinzi.com
240,apps.fbsbx.com
241,apps.lair.io
242,appspot.com
243,aq
244,aq.it
245,aquarelle
246,ar
247,ar.com
248,ar.it
249,ar.us
250,arab
251,arakawa.tokyo.jp
252,arao.kumamoto.jp
253,archi
254,arendal.no
255,arezzo.it
256,armenia.su
257,army
258,arpa
259,arq.br
260,art
261,art.br
262,art.dz
263,art.museum
264,art.pl
265,arte
266,arte.bo
267,arts.co
268,arts.museum
269,arts.ro
270,arts.ve
271,as
272,as.us
273,asago.hyogo.jp
274,asahi.chiba.jp
275,asahi.toyama.jp
276,asahikawa.hokkaido.jp
277,asakuchi.okayama.jp
278,ascoli-piceno.it
279,ascolipiceno.it
280,asda
281,ashgabad.su
282,ashikaga.tochigi.jp
283,ashiya.fukuoka.jp
284,ashiya.hyogo.jp
285,asia
286,asker.no
287,askim.no
288,askvoll.no
289,asn.au
290,aso.kumamoto.jp
291,assedic.fr
292,assn.lk
293,asso.dz
294,asso.eu.org
295,asso.fr
296,asso.gp
297,asso.ht
298,asso.mc
299,asso.nc
300,asso.re
301,associates
302,association.museum
303,asti.it
304,at
305,at-band-camp.net
306,at.eu.org
307,at.it
308,atami.shizuoka.jp
309,ath.cx
310,atlanta.museum
311,atm.pl
312,ato.br
313,atsugi.kanagawa.jp
314,attorney
315,au
316,auction
317,audi
318,audio
319,augustow.pl
320,auspost
321,author
322,auto
323,auto.pl
324,autos
325,av.it
326,av.tr
327,avellino.it
328,avianca
329,aviation.museum
330,avocat.fr
331,aw
332,awdev.ca
333,aws
334,ax
335,axa
336,aya.miyazaki.jp
337,ayabe.kyoto.jp
338,ayase.kanagawa.jp
339,az
340,az.us
341,azerbaijan.su
342,azumino.nagano.jp
343,azure
344,azure-mobile.net
345,azurecontainer.io
346,azurewebsites.net
347,b.br
348,b.se
349,b.ssl.fastly.net
350,ba
351,ba.gov.br
352,ba.it
353,ba.leg.br
354,babia-gora.pl
355,baby
356,backplaneapp.io
357,baidu
358,banamex
359,bananarepublic
360,band
361,bank
362,bar
363,bar.pro
364,barcelona
365,barclaycard
366,barclays
367,barefoot
368,bargains
369,bari.it
370,barrel-of-knowledge.info
371,barsy.bg
372,barsy.in
373,barsy.pro
374,barsy.support
375,barsyonline.com
376,barueri.br
377,baseball
378,bashkiria.ru
379,bashkiria.su
380,basilicata.it
381,basketball
382,bauern.museum
383,bauhaus
384,bayern
385,bazar
386,bb
387,bbc
388,bbs
389,bbs.tr
390,bbt
391,bbva
392,bc.ca
393,bcg
394,bcn
395,bd
396,bd.se
397,be
398,be.eu.org
399,beats
400,beauty
401,bedzin.pl
402,beep.pl
403,beer
404,bel.tr
405,belem.br
406,belluno.it
407,benevento.it
408,bentley
409,beppu.oita.jp
410,bergamo.it
411,bergbau.museum
412,bergen.no
413,berlin
414,berlin.museum
415,beskidy.pl
416,best
417,bestbuy
418,bet
419,better-than.tv
420,bf
421,bg
422,bg.it
423,bh
424,bharti
425,bhz.br
426,bi
427,bi.it
428,bialowieza.pl
429,bialystok.pl
430,bibai.hokkaido.jp
431,bible
432,bid
433,bielawa.pl
434,biella.it
435,bieszczady.pl
436,bifuka.hokkaido.jp
437,bihoro.hokkaido.jp
438,bike
439,bing
440,bingo
441,bio
442,bio.br
443,bir.ru
444,biratori.hokkaido.jp
445,bit
446,bitballoon.com
447,biz
448,biz.az
449,biz.cy
450,biz.id
451,biz.ni
452,biz.pk
453,biz.pl
454,biz.tj
455,biz.tr
456,biz.ua
457,biz.vn
458,bizen.okayama.jp
459,bj
460,bj.cn
461,bl.it
462,black
463,blackbaudcdn.net
464,blackfriday
465,blanco
466,blockbuster
467,blog
468,blog.bo
469,blog.br
470,blogdns.com
471,blogdns.net
472,blogdns.org
473,blogsite.org
474,blogsite.xyz
475,blogspot.ae
476,blogspot.al
477,blogspot.am
478,blogspot.ba
479,blogspot.be
480,blogspot.bg
481,blogspot.ca
482,blogspot.ch
483,blogspot.cl
484,blogspot.co.at
485,blogspot.co.id
486,blogspot.co.il
487,blogspot.co.ke
488,blogspot.co.nz
489,blogspot.co.uk
490,blogspot.co.za
491,blogspot.com
492,blogspot.com.ar
493,blogspot.com.au
494,blogspot.com.br
495,blogspot.com.by
496,blogspot.com.co
497,blogspot.com.cy
498,blogspot.com.ee
499,blogspot.com.eg
500,blogspot.com.es
501,blogspot.com.mt
502,blogspot.com.ng
503,blogspot.com.tr
504,blogspot.com.uy
505,blogspot.cz
506,blogspot.de
507,blogspot.dk
508,blogspot.fi
509,blogspot.fr
510,blogspot.gr
511,blogspot.hk
512,blogspot.hr
513,blogspot.hu
514,blogspot.ie
515,blogspot.in
516,blogspot.is
517,blogspot.it
518,blogspot.jp
519,blogspot.kr
520,blogspot.li
521,blogspot.lt
522,blogspot.lu
523,blogspot.md
524,blogspot.mk
525,blogspot.mx
526,blogspot.my
527,blogspot.nl
528,blogspot.no
529,blogspot.pe
530,blogspot.pt
531,blogspot.qa
532,blogspot.ro
533,blogspot.rs
534,blogspot.ru
535,blogspot.se
536,blogspot.sg
537,blogspot.si
538,blogspot.sk
539,blogspot.sn
540,blogspot.tw
541,blogspot.ug
542,blogspot.vn
543,blogsyte.com
544,bloomberg
545,bloxcms.com
546,blue
547,bm
548,bmd.br
549,bmoattachments.org
550,bms
551,bmw
552,bn
553,bn.it
554,bnl
555,bnpparibas
556,bnr.la
557,bo
558,bo.it
559,boats
560,boavista.br
561,bodo.no
562,boehringer
563,bofa
564,boldlygoingnowhere.org
565,boleslawiec.pl
566,bolivia.bo
567,bologna.it
568,bolt.hu
569,bolzano.it
570,bom
571,bond
572,bonn.museum
573,boo
574,book
575,booking
576,bosch
577,bostik
578,boston
579,boston.museum
580,bot
581,botany.museum
582,bounceme.net
583,boutique
584,box
585,boxfuse.io
586,bozen.it
587,bplaced.com
588,bplaced.de
589,bplaced.net
590,br
591,br.com
592,br.it
593,bradesco
594,brand.se
595,brasil.museum
596,brasilia.me
597,brescia.it
598,bridgestone
599,brindisi.it
600,broadway
601,broke-it.net
602,broker
603,bronnoy.no
604,brother
605,brunel.museum
606,brussels
607,bryansk.su
608,bs
609,bs.it
610,bsb.br
611,bss.design
612,bt
613,bt.it
614,bu.no
615,budapest
616,bugatti
617,build
618,builders
619,bungotakada.oita.jp
620,bunkyo.tokyo.jp
621,busan.kr
622,business
623,buy
624,buyshouses.net
625,buzen.fukuoka.jp
626,buzz
627,bv
628,bv.nl
629,bw
630,by
631,bydgoszcz.pl
632,byen.site
633,bytom.pl
634,bz
635,bz.it
636,bzh
637,c.cdn77.org
638,c.la
639,c.se
640,c66.me
641,ca
642,ca-central-1.elasticbeanstalk.com
643,ca.it
644,ca.us
645,cab
646,cable-modem.org
647,cafe
648,cagliari.it
649,cal
650,cal.it
651,calabria.it
652,call
653,caltanissetta.it
654,cam
655,cam.it
656,camdvr.org
657,camera
658,camp
659,campania.it
660,campinas.br
661,campobasso.it
662,canada.museum
663,cancerresearch
664,canon
665,capetown
666,capital
667,capitalone
668,car
669,caravan
670,carboniaiglesias.it
671,cards
672,care
673,career
674,careers
675,cars
676,cartier
677,casa
678,casacam.net
679,case
680,caseih
681,caserta.it
682,cash
683,casino
684,casino.hu
685,caspio.com
686,cat
687,catania.it
688,catanzaro.it
689,catering
690,catholic
691,caxias.br
692,cb.it
693,cba
694,cbg.ru
695,cbn
696,cbre
697,cbs
698,cc
699,cc.al.us
700,cc.ar.us
701,cc.az.us
702,cc.ca.us
703,cc.co.us
704,cc.fl.us
705,cc.ga.us
706,cc.ia.us
707,cc.id.us
708,cc.il.us
709,cc.in.us
710,cc.ks.us
711,cc.la.us
712,cc.ma.us
713,cc.md.us
714,cc.mi.us
715,cc.mn.us
716,cc.mo.us
717,cc.ms.us
718,cc.mt.us
719,cc.na
720,cc.nc.us
721,cc.nd.us
722,cc.ne.us
723,cc.nj.us
724,cc.nm.us
725,cc.ny.us
726,cc.oh.us
727,cc.ok.us
728,cc.or.us
729,cc.pa.us
730,cc.ri.us
731,cc.tn.us
732,cc.tx.us
733,cc.ua
734,cc.va.us
735,cc.wa.us
736,cc.wy.us
737,cci.fr
738,cd
739,cdn77-ssl.net
740,ce.gov.br
741,ce.it
742,ce.leg.br
743,ceb
744,cechire.com
745,center
746,center.museum
747,ceo
748,cern
749,cf
750,cfa
751,cfd
752,cg
753,ch
754,ch.eu.org
755,ch.it
756,chambagri.fr
757,chanel
758,channel
759,channelsdvr.net
760,charity
761,chase
762,chat
763,cheap
764,cherkassy.ua
765,cherkasy.ua
766,chernigov.ua
767,chernovtsy.ua
768,chesapeakebay.museum
769,chiba.jp
770,chicago.museum
771,chieti.it
772,chigasaki.kanagawa.jp
773,chihayaakasaka.osaka.jp
774,chikujo.fukuoka.jp
775,chikuma.nagano.jp
776,chikushino.fukuoka.jp
777,children.museum
778,childrens.museum
779,chimkent.su
780,chintai
781,chirurgiens-dentistes-en-france.fr
782,chirurgiens-dentistes.fr
783,chitose.hokkaido.jp
784,chiyoda.tokyo.jp
785,chizu.tottori.jp
786,chofu.tokyo.jp
787,christmas
788,chrome
789,chrysler
790,chungbuk.kr
791,chungnam.kr
792,chuo.fukuoka.jp
793,chuo.tokyo.jp
794,chuo.yamanashi.jp
795,church
796,ci
797,ci.it
798,cieszyn.pl
799,cim.br
800,cipriani
801,circle
802,cisco
803,ciscofreak.com
804,cistron.nl
805,citadel
806,citi
807,citic
808,city
809,city.hu
810,cityeats
811,ck
812,ck.ua
813,cl
814,cl.it
815,claims
816,clan.rip
817,cleaning
818,cleverapps.io
819,click
820,clinic
821,clinique
822,clothing
823,cloud
824,cloud.fedoraproject.org
825,cloud.goog
826,cloud.metacentrum.cz
827,cloudaccess.host
828,cloudaccess.net
829,cloudapp.net
830,cloudcontrolapp.com
831,cloudcontrolled.com
832,cloudeity.net
833,cloudfunctions.net
834,cloudns.asia
835,cloudns.biz
836,cloudns.cc
837,cloudns.club
838,cloudns.eu
839,cloudns.in
840,cloudns.info
841,cloudns.org
842,cloudns.pro
843,cloudns.pw
844,cloudns.us
845,cloudycluster.net
846,club
847,club.tw
848,clubmed
849,cm
850,cn
851,cn-north-1.eb.amazonaws.com.cn
852,cn-northwest-1.eb.amazonaws.com.cn
853,cn.com
854,cn.eu.org
855,cn.it
856,cn.ua
857,cng.br
858,cnt.br
859,co
860,co.ae
861,co.ag
862,co.ao
863,co.at
864,co.bi
865,co.business
866,co.bw
867,co.ca
868,co.ci
869,co.cl
870,co.cm
871,co.com
872,co.cr
873,co.cz
874,co.dk
875,co.education
876,co.events
877,co.financial
878,co.gg
879,co.gl
880,co.gy
881,co.hu
882,co.id
883,co.il
884,co.im
885,co.in
886,co.ir
887,co.it
888,co.je
889,co.jp
890,co.ke
891,co.kr
892,co.lc
893,co.ls
894,co.ma
895,co.me
896,co.mu
897,co.mw
898,co.mz
899,co.na
900,co.network
901,co.ni
902,co.nl
903,co.no
904,co.nz
905,co.om
906,co.pl
907,co.place
908,co.pn
909,co.pw
910,co.rs
911,co.rw
912,co.st
913,co.sz
914,co.technology
915,co.th
916,co.tj
917,co.tm
918,co.tt
919,co.tz
920,co.ua
921,co.ug
922,co.uk
923,co.us
924,co.uz
925,co.ve
926,co.vi
927,co.za
928,co.zm
929,co.zw
930,coach
931,codes
932,codespot.com
933,cody.museum
934,coffee
935,coin
936,coldwar.museum
937,college
938,collegefan.org
939,cologne
940,com
941,com.ac
942,com.af
943,com.ag
944,com.ai
945,com.al
946,com.ar
947,com.au
948,com.aw
949,com.az
950,com.ba
951,com.bb
952,com.bh
953,com.bi
954,com.bm
955,com.bn
956,com.bo
957,com.br
958,com.bs
959,com.bt
960,com.by
961,com.bz
962,com.ci
963,com.cm
964,com.cn
965,com.co
966,com.cu
967,com.cw
968,com.cy
969,com.de
970,com.dm
971,com.do
972,com.dz
973,com.ec
974,com.ee
975,com.eg
976,com.es
977,com.et
978,com.fr
979,com.ge
980,com.gh
981,com.gi
982,com.gl
983,com.gn
984,com.gp
985,com.gr
986,com.gt
987,com.gu
988,com.gy
989,com.hk
990,com.hn
991,com.hr
992,com.ht
993,com.im
994,com.io
995,com.iq
996,com.is
997,com.jo
998,com.kg
999,com.ki
1000,com.km
1001,com.kp
1002,com.kw
1003,com.ky
1004,com.kz
1005,com.la
1006,com.lb
1007,com.lc
1008,com.lk
1009,com.lr
1010,com.lv
1011,com.ly
1012,com.mg
1013,com.mk
1014,com.ml
1015,com.mo
1016,com.ms
1017,com.mt
1018,com.mu
1019,com.mv
1020,com.mw
1021,com.mx
1022,com.my
1023,com.na
1024,com.nf
1025,com.ng
1026,com.ni
1027,com.nr
1028,com.om
1029,com.pa
1030,com.pe
1031,com.pf
1032,com.ph
1033,com.pk
1034,com.pl
1035,com.pr
1036,com.ps
1037,com.pt
1038,com.py
1039,com.qa
1040,com.re
1041,com.ro
1042,com.ru
1043,com.rw
1044,com.sa
1045,com.sb
1046,com.sc
1047,com.sd
1048,com.se
1049,com.sg
1050,com.sh
1051,com.sl
1052,com.sn
1053,com.so
1054,com.st
1055,com.sv
1056,com.sy
1057,com.tj
1058,com.tm
1059,com.tn
1060,com.to
1061,com.tr
1062,com.tt
1063,com.tw
1064,com.ua
1065,com.ug
1066,com.uy
1067,com.uz
1068,com.vc
1069,com.ve
1070,com.vi
1071,com.vn
1072,com.vu
1073,com.ws
1074,com.zm
1075,comcast
1076,communication.museum
1077,communications.museum
1078,community
1079,como.it
1080,company
1081,compare
1082,compute-1.amazonaws.com
1083,compute.amazonaws.com
1084,computer
1085,comsec
1086,condos
1087,conf.au
1088,construction
1089,consulting
1090,contact
1091,contagem.br
1092,contemporaryart.museum
1093,contractors
1094,cooking
1095,cookingchannel
1096,cool
1097,coop
1098,coop.br
1099,coop.ht
1100,coop.py
1101,corporation.museum
1102,corsica
1103,cosenza.it
1104,couchpotatofries.org
1105,country
1106,coupon
1107,coupons
1108,courses
1109,cpa.pro
1110,cq.cn
1111,cr
1112,cr.it
1113,crafting.xyz
1114,credit
1115,creditcard
1116,creditunion
1117,cremona.it
1118,cri.nz
1119,cricket
1120,crimea.ua
1121,crotone.it
1122,crown
1123,crs
1124,cruise
1125,cruises
1126,cryptonomic.net
1127,cs.it
1128,csc
1129,ct.it
1130,ct.us
1131,cu
1132,cu.cc
1133,cuiaba.br
1134,cuisinella
1135,cultural.museum
1136,cuneo.it
1137,cupcake.is
1138,curitiba.br
1139,customer.speedpartner.de
1140,cv
1141,cv.ua
1142,cw
1143,cx
1144,cy
1145,cya.gg
1146,cymru
1147,cymru.museum
1148,cyon.link
1149,cyon.site
1150,cyou
1151,cz
1152,cz.it
1153,czeladz.pl
1154,czest.pl
1155,d.bg
1156,d.se
1157,dabur
1158,dad
1159,daegu.kr
1160,daejeon.kr
1161,dagestan.ru
1162,dagestan.su
1163,daigo.ibaraki.jp
1164,daisen.akita.jp
1165,daito.osaka.jp
1166,damnserver.com
1167,dance
1168,daplie.me
1169,data
1170,database.museum
1171,date
1172,date.fukushima.jp
1173,date.hokkaido.jp
1174,dating
1175,dattolocal.com
1176,dattolocal.net
1177,dattorelay.com
1178,dattoweb.com
1179,day
1180,dc.us
1181,dclk
1182,dd-dns.de
1183,ddns.me
1184,ddns.net
1185,ddnsfree.com
1186,ddnsgeek.com
1187,ddnsking.com
1188,ddnslive.com
1189,ddnss.de
1190,ddnss.org
1191,dds
1192,de
1193,de.com
1194,de.cool
1195,de.us
1196,deal
1197,dealer
1198,deals
1199,debian.net
1200,dedyn.io
1201,def.br
1202,defense.tn
1203,definima.io
1204,definima.net
1205,degree
1206,delivery
1207,dell
1208,deloitte
1209,delta
1210,democrat
1211,demon.nl
1212,denmark.museum
1213,dental
1214,dentist
1215,dep.no
1216,depot.museum
1217,desa.id
1218,desi
1219,design
1220,dev
1221,dev-myqnapcloud.com
1222,development.run
1223,df.gov.br
1224,dh.bytemark.co.uk
1225,dhl
1226,diamonds
1227,diet
1228,digital
1229,direct
1230,directory
1231,discount
1232,discover
1233,discovery.museum
1234,dish
1235,diskstation.eu
1236,diskstation.me
1237,diskstation.org
1238,ditchyourip.com
1239,diy
1240,dj
1241,dk
1242,dlugoleka.pl
1243,dm
1244,dn.ua
1245,dnepropetrovsk.ua
1246,dni.us
1247,dnp
1248,dnsalias.com
1249,dnsalias.net
1250,dnsalias.org
1251,dnsdojo.com
1252,dnsdojo.net
1253,dnsdojo.org
1254,dnsfor.me
1255,dnshome.de
1256,dnsiskinky.com
1257,dnsking.ch
1258,dnsup.net
1259,dnsupdater.de
1260,do
1261,docs
1262,doctor
1263,dodge
1264,does-it.net
1265,doesntexist.com
1266,doesntexist.org
1267,dog
1268,doha
1269,domains
1270,dominic.ua
1271,donetsk.ua
1272,dontexist.com
1273,dontexist.net
1274,dontexist.org
1275,doomdns.com
1276,doomdns.org
1277,dot
1278,download
1279,dp.ua
1280,dr.tr
1281,drammen.no
1282,dray-dns.de
1283,drayddns.com
1284,draydns.de
1285,dreamhosters.com
1286,drive
1287,drud.io
1288,dscloud.biz
1289,dscloud.me
1290,dscloud.mobi
1291,dsmynas.com
1292,dsmynas.net
1293,dsmynas.org
1294,dtv
1295,dubai
1296,duck
1297,duckdns.org
1298,dunlop
1299,duns
1300,dupont
1301,durban
1302,dvag
1303,dvr
1304,dvrcam.info
1305,dvrdns.org
1306,dy.fi
1307,dyn
1308,dyn-ip24.de
1309,dyn-o-saur.com
1310,dyn-vpn.de
1311,dyn.ddnss.de
1312,dynalias.com
1313,dynalias.net
1314,dynalias.org
1315,dynamic-dns.info
1316,dynathome.net
1317,dyndns-at-home.com
1318,dyndns-at-work.com
1319,dyndns-blog.com
1320,dyndns-free.com
1321,dyndns-home.com
1322,dyndns-ip.com
1323,dyndns-mail.com
1324,dyndns-office.com
1325,dyndns-pics.com
1326,dyndns-remote.com
1327,dyndns-server.com
1328,dyndns-web.com
1329,dyndns-wiki.com
1330,dyndns-work.com
1331,dyndns.biz
1332,dyndns.info
1333,dyndns.org
1334,dyndns.tv
1335,dyndns.ws
1336,dyndns1.de
1337,dynns.com
1338,dynserv.org
1339,dynu.net
1340,dynv6.net
1341,dynvpn.de
1342,dyroy.no
1343,dz
1344,e.se
1345,e12.ve
1346,earth
1347,eat
1348,eating-organic.net
1349,eaton.mi.us
1350,ebetsu.hokkaido.jp
1351,ebina.kanagawa.jp
1352,ebiz.tw
1353,ec
1354,ecn.br
1355,eco
1356,eco.br
1357,ed.ao
1358,ed.ci
1359,ed.cr
1360,ed.jp
1361,edeka
1362,edogawa.tokyo.jp
1363,edu
1364,edu.ac
1365,edu.af
1366,edu.al
1367,edu.ar
1368,edu.au
1369,edu.az
1370,edu.ba
1371,edu.bb
1372,edu.bh
1373,edu.bi
1374,edu.bm
1375,edu.bn
1376,edu.bo
1377,edu.br
1378,edu.bs
1379,edu.bt
1380,edu.bz
1381,edu.ci
1382,edu.cn
1383,edu.co
1384,edu.cu
1385,edu.dm
1386,edu.do
1387,edu.dz
1388,edu.ec
1389,edu.ee
1390,edu.eg
1391,edu.es
1392,edu.et
1393,edu.eu.org
1394,edu.ge
1395,edu.gh
1396,edu.gi
1397,edu.gl
1398,edu.gr
1399,edu.gt
1400,edu.gu
1401,edu.gy
1402,edu.hk
1403,edu.hn
1404,edu.ht
1405,edu.in
1406,edu.iq
1407,edu.it
1408,edu.jo
1409,edu.kg
1410,edu.ki
1411,edu.kn
1412,edu.kp
1413,edu.krd
1414,edu.kw
1415,edu.ky
1416,edu.kz
1417,edu.la
1418,edu.lb
1419,edu.lc
1420,edu.lk
1421,edu.lr
1422,edu.lv
1423,edu.ly
1424,edu.me
1425,edu.mg
1426,edu.mk
1427,edu.ml
1428,edu.mn
1429,edu.mo
1430,edu.ms
1431,edu.mt
1432,edu.mv
1433,edu.mw
1434,edu.mx
1435,edu.my
1436,edu.mz
1437,edu.ng
1438,edu.ni
1439,edu.om
1440,edu.pa
1441,edu.pe
1442,edu.pf
1443,edu.ph
1444,edu.pk
1445,edu.pl
1446,edu.pr
1447,edu.ps
1448,edu.pt
1449,edu.py
1450,edu.qa
1451,edu.rs
1452,edu.ru
1453,edu.rw
1454,edu.sa
1455,edu.sb
1456,edu.sc
1457,edu.sd
1458,edu.sg
1459,edu.sl
1460,edu.sn
1461,edu.st
1462,edu.sv
1463,edu.sy
1464,edu.tj
1465,edu.tm
1466,edu.to
1467,edu.tr
1468,edu.tt
1469,edu.tw
1470,edu.ua
1471,edu.uy
1472,edu.ve
1473,edu.vn
1474,edu.vu
1475,edu.ws
1476,edu.za
1477,edu.zm
1478,education
1479,education.museum
1480,edunet.tn
1481,ee
1482,eg
1483,ehime.jp
1484,eidfjord.no
1485,eidskog.no
1486,eidsvoll.no
1487,elasticbeanstalk.com
1488,elb.amazonaws.com
1489,elb.amazonaws.com.cn
1490,elblag.pl
1491,elk.pl
1492,email
1493,embroidery.museum
1494,emc
1495,emerck
1496,emilia-romagna.it
1497,emiliaromagna.it
1498,emp.br
1499,emr.it
1500,en.it
1501,endofinternet.net
1502,endofinternet.org
1503,endoftheinternet.org
1504,energy
1505,eng.br
1506,eng.pro
1507,engineer
1508,engineering
1509,eniwa.hokkaido.jp
1510,enna.it
1511,ens.tn
1512,enterprises
1513,epost
1514,epson
1515,equipment
1516,er
1517,ericsson
1518,erni
1519,erotica.hu
1520,erotika.hu
1521,es
1522,es.eu.org
1523,es.gov.br
1524,es.kr
1525,es.leg.br
1526,esp.br
1527,esq
1528,est-a-la-maison.com
1529,est-a-la-masion.com
1530,est-le-patron.com
1531,est-mon-blogueur.com
1532,est.pr
1533,estate
1534,estate.museum
1535,esurance
1536,et
1537,etajima.hiroshima.jp
1538,etc.br
1539,ethnology.museum
1540,eti.br
1541,etisalat
1542,eu
1543,eu-1.evennode.com
1544,eu-2.evennode.com
1545,eu-4.evennode.com
1546,eu-central-1.elasticbeanstalk.com
1547,eu-west-1.elasticbeanstalk.com
1548,eu-west-2.elasticbeanstalk.com
1549,eu-west-3.elasticbeanstalk.com
1550,eu.com
1551,eu.int
1552,eu.meteorapp.com
1553,eu.org
1554,eun.eg
1555,eurovision
1556,eus
1557,events
1558,everbank
1559,ex.futurecms.at
1560,ex.ortsinfo.at
1561,exchange
1562,exeter.museum
1563,exit
1564,exnet.su
1565,expert
1566,experts-comptables.fr
1567,exposed
1568,express
1569,extraspace
1570,f.se
1571,fage
1572,fail
1573,fairwinds
1574,faith
1575,family
1576,familyds.com
1577,familyds.net
1578,familyds.org
1579,fan
1580,fans
1581,fantasyleague.cc
1582,far.br
1583,farm
1584,farm.museum
1585,farmers
1586,fashion
1587,fast
1588,fastlylb.net
1589,fastvps-server.com
1590,fbxos.fr
1591,fc.it
1592,fe.it
1593,fed.us
1594,fedex
1595,fedje.no
1596,fedorainfracloud.org
1597,fedorapeople.org
1598,feedback
1599,feira.br
1600,fermo.it
1601,ferrara.it
1602,ferrari
1603,ferrero
1604,feste-ip.net
1605,fg.it
1606,fh.se
1607,fhs.no
1608,fhsk.se
1609,fhv.se
1610,fi
1611,fi.cr
1612,fi.eu.org
1613,fi.it
1614,fiat
1615,fidelity
1616,fido
1617,fie.ee
1618,field.museum
1619,filegear.me
1620,film
1621,film.hu
1622,fin.ec
1623,fin.tn
1624,final
1625,finance
1626,financial
1627,fire
1628,firebaseapp.com
1629,firenze.it
1630,firewall-gateway.com
1631,firewall-gateway.de
1632,firewall-gateway.net
1633,firm.ht
1634,firm.in
1635,firm.ro
1636,firmdale
1637,fish
1638,fishing
1639,fit
1640,fitness
1641,fj
1642,fj.cn
1643,fjell.no
1644,fk
1645,fl.us
1646,flekkefjord.no
1647,flickr
1648,flights
1649,flir
1650,flog.br
1651,florence.it
1652,florida.museum
1653,floripa.br
1654,florist
1655,flowers
1656,fly
1657,flynnhub.com
1658,fm
1659,fm.br
1660,fm.it
1661,fm.no
1662,fnd.br
1663,fo
1664,foggia.it
1665,folkebibl.no
1666,foo
1667,food
1668,foodnetwork
1669,football
1670,for-better.biz
1671,for-more.biz
1672,for-our.info
1673,for-some.biz
1674,for-the.biz
1675,ford
1676,forde.no
1677,forex
1678,forgot.her.name
1679,forgot.his.name
1680,forli-cesena.it
1681,forlicesena.it
1682,forsale
1683,fortal.br
1684,fortmissoula.museum
1685,forum
1686,forum.hu
1687,forumz.info
1688,fot.br
1689,foundation
1690,fox
1691,foz.br
1692,fr
1693,fr.eu.org
1694,fr.it
1695,fredrikstad.no
1696,free
1697,freeboxos.com
1698,freeboxos.fr
1699,freeddns.org
1700,freeddns.us
1701,freedesktop.org
1702,freesite.host
1703,freetls.fastly.net
1704,frei.no
1705,fresenius
1706,friuliveneziagiulia.it
1707,frl
1708,frogans
1709,from-ak.com
1710,from-al.com
1711,from-ar.com
1712,from-az.net
1713,from-ca.com
1714,from-co.net
1715,from-ct.com
1716,from-dc.com
1717,from-de.com
1718,from-fl.com
1719,from-ga.com
1720,from-hi.com
1721,from-ia.com
1722,from-id.com
1723,from-il.com
1724,from-in.com
1725,from-ks.com
1726,from-ky.com
1727,from-la.net
1728,from-ma.com
1729,from-md.com
1730,from-me.org
1731,from-mi.com
1732,from-mn.com
1733,from-mo.com
1734,from-mt.com
1735,from-nc.com
1736,from-nd.com
1737,from-ne.com
1738,from-nh.com
1739,from-nj.com
1740,from-nm.com
1741,from-nv.com
1742,from-ny.net
1743,from-oh.com
1744,from-ok.com
1745,from-or.com
1746,from-pa.com
1747,from-pr.com
1748,from-ri.com
1749,from-sc.com
1750,from-sd.com
1751,from-tn.com
1752,from-tx.com
1753,from-ut.com
1754,from-va.com
1755,from-vt.com
1756,from-wa.com
1757,from-wi.com
1758,from-wv.com
1759,from-wy.com
1760,from.hr
1761,frontdoor
1762,frontier
1763,frosinone.it
1764,froya.no
1765,fst.br
1766,ftpaccess.cc
1767,ftr
1768,fuchu.hiroshima.jp
1769,fuchu.tokyo.jp
1770,fudai.iwate.jp
1771,fuefuki.yamanashi.jp
1772,fuettertdasnetz.de
1773,fuji.shizuoka.jp
1774,fujikawa.yamanashi.jp
1775,fujimi.saitama.jp
1776,fujimino.saitama.jp
1777,fujinomiya.shizuoka.jp
1778,fujioka.gunma.jp
1779,fujisawa.kanagawa.jp
1780,fujitsu
1781,fujixerox
1782,fujiyoshida.yamanashi.jp
1783,fukagawa.hokkaido.jp
1784,fukaya.saitama.jp
1785,fukuchiyama.kyoto.jp
1786,fukui.fukui.jp
1787,fukui.jp
1788,fukuoka.jp
1789,fukuroi.shizuoka.jp
1790,fukusaki.hyogo.jp
1791,fukushima.fukushima.jp
1792,fukushima.hokkaido.jp
1793,fukushima.jp
1794,fukuyama.hiroshima.jp
1795,fun
1796,funabashi.chiba.jp
1797,funagata.yamagata.jp
1798,fund
1799,fur
1800,furano.hokkaido.jp
1801,furniture
1802,furniture.museum
1803,furudono.fukushima.jp
1804,furukawa.miyagi.jp
1805,fusa.no
1806,futbol
1807,futurecms.at
1808,futurehosting.at
1809,futuremailing.at
1810,fvg.it
1811,fyi
1812,fylkesbibl.no
1813,g.se
1814,g12.br
1815,ga
1816,ga.us
1817,gal
1818,gallery
1819,gallo
1820,gallup
1821,gamagori.aichi.jp
1822,game
1823,game-host.org
1824,game-server.cc
1825,game.tw
1826,games
1827,games.hu
1828,gangwon.kr
1829,gap
1830,garden
1831,gb
1832,gb.com
1833,gb.net
1834,gc.ca
1835,gd
1836,gd.cn
1837,gda.pl
1838,gdansk.pl
1839,gdn
1840,gdynia.pl
1841,ge
1842,ge.it
1843,gea
1844,geek
1845,geek.nz
1846,geekgalaxy.com
1847,gen.in
1848,gen.mi.us
1849,gen.nz
1850,gen.tr
1851,genova.it
1852,gent
1853,genting
1854,geometre-expert.fr
1855,george
1856,georgia.su
1857,getmyip.com
1858,gets-it.net
1859,gf
1860,gg
1861,ggee
1862,ggf.br
1863,gh
1864,gi
1865,gift
1866,gifts
1867,gifu.gifu.jp
1868,gifu.jp
1869,giize.com
1870,ginan.gifu.jp
1871,ginowan.okinawa.jp
1872,ginoza.okinawa.jp
1873,giske.no
1874,git-repos.de
1875,github.io
1876,githubusercontent.com
1877,gitlab.io
1878,gives
1879,giving
1880,gjovik.no
1881,gl
1882,glade
1883,glass
1884,gle
1885,gleeze.com
1886,gliwice.pl
1887,global
1888,global.prod.fastly.net
1889,global.ssl.fastly.net
1890,globo
1891,glogow.pl
1892,glug.org.uk
1893,gm
1894,gmail
1895,gmbh
1896,gmina.pl
1897,gmo
1898,gmx
1899,gn
1900,gniezno.pl
1901,gnu
1902,go-vip.co
1903,go.ci
1904,go.cr
1905,go.dyndns.org
1906,go.gov.br
1907,go.id
1908,go.it
1909,go.jp
1910,go.ke
1911,go.kr
1912,go.leg.br
1913,go.th
1914,go.tz
1915,go.ug
1916,gob.ar
1917,gob.bo
1918,gob.cl
1919,gob.do
1920,gob.ec
1921,gob.es
1922,gob.gt
1923,gob.hn
1924,gob.mx
1925,gob.ni
1926,gob.pa
1927,gob.pe
1928,gob.pk
1929,gob.sv
1930,gob.ve
1931,gobo.wakayama.jp
1932,godaddy
1933,godo.gifu.jp
1934,goiania.br
1935,goip.de
1936,gojome.akita.jp
1937,gok.pk
1938,gol.no
1939,gold
1940,goldpoint
1941,golf
1942,golffan.us
1943,goo
1944,goodyear
1945,goog
1946,google
1947,googleapis.com
1948,googlecode.com
1949,gop
1950,gop.pk
1951,gorizia.it
1952,gorlice.pl
1953,gos.pk
1954,got
1955,gotdns.ch
1956,gotdns.com
1957,gotdns.org
1958,goto.nagasaki.jp
1959,gotpantheon.com
1960,gouv.bj
1961,gouv.ci
1962,gouv.fr
1963,gouv.ht
1964,gouv.km
1965,gouv.ml
1966,gouv.sn
1967,gov
1968,gov.ac
1969,gov.ae
1970,gov.af
1971,gov.al
1972,gov.ar
1973,gov.as
1974,gov.au
1975,gov.az
1976,gov.ba
1977,gov.bb
1978,gov.bf
1979,gov.bh
1980,gov.bm
1981,gov.bn
1982,gov.br
1983,gov.bs
1984,gov.bt
1985,gov.by
1986,gov.bz
1987,gov.cl
1988,gov.cm
1989,gov.cn
1990,gov.co
1991,gov.cu
1992,gov.cx
1993,gov.cy
1994,gov.dm
1995,gov.do
1996,gov.dz
1997,gov.ec
1998,gov.ee
1999,gov.eg
2000,gov.et
2001,gov.ge
2002,gov.gh
2003,gov.gi
2004,gov.gn
2005,gov.gr
2006,gov.gu
2007,gov.gy
2008,gov.hk
2009,gov.ie
2010,gov.il
2011,gov.in
2012,gov.iq
2013,gov.ir
2014,gov.it
2015,gov.jo
2016,gov.kg
2017,gov.ki
2018,gov.km
2019,gov.kn
2020,gov.kp
2021,gov.kw
2022,gov.ky
2023,gov.kz
2024,gov.la
2025,gov.lb
2026,gov.lc
2027,gov.lk
2028,gov.lr
2029,gov.ls
2030,gov.lt
2031,gov.lv
2032,gov.ly
2033,gov.ma
2034,gov.me
2035,gov.mg
2036,gov.mk
2037,gov.ml
2038,gov.mn
2039,gov.mo
2040,gov.mr
2041,gov.ms
2042,gov.mu
2043,gov.mv
2044,gov.mw
2045,gov.my
2046,gov.mz
2047,gov.nc.tr
2048,gov.ng
2049,gov.nr
2050,gov.om
2051,gov.ph
2052,gov.pk
2053,gov.pl
2054,gov.pn
2055,gov.pr
2056,gov.ps
2057,gov.pt
2058,gov.py
2059,gov.qa
2060,gov.rs
2061,gov.ru
2062,gov.rw
2063,gov.sa
2064,gov.sb
2065,gov.sc
2066,gov.sd
2067,gov.sg
2068,gov.sh
2069,gov.sl
2070,gov.st
2071,gov.sy
2072,gov.tj
2073,gov.tl
2074,gov.tm
2075,gov.tn
2076,gov.to
2077,gov.tr
2078,gov.tt
2079,gov.tw
2080,gov.ua
2081,gov.uk
2082,gov.vc
2083,gov.ve
2084,gov.vn
2085,gov.ws
2086,gov.za
2087,gov.zm
2088,gov.zw
2089,govt.nz
2090,gp
2091,gq
2092,gr
2093,gr.com
2094,gr.it
2095,gr.jp
2096,grainger
2097,grajewo.pl
2098,gran.no
2099,grandrapids.museum
2100,graphics
2101,gratis
2102,green
2103,greta.fr
2104,gripe
2105,griw.gov.pl
2106,grocery
2107,groks-the.info
2108,groks-this.info
2109,grosseto.it
2110,group
2111,grozny.ru
2112,grp.lk
2113,gru.br
2114,gs
2115,gs.ah.no
2116,gs.bu.no
2117,gs.cn
2118,gs.fm.no
2119,gs.hm.no
2120,gs.mr.no
2121,gs.ol.no
2122,gs.oslo.no
2123,gs.rl.no
2124,gs.tm.no
2125,gs.tr.no
2126,gs.va.no
2127,gsm.pl
2128,gt
2129,gu
2130,gu.us
2131,guardian
2132,gub.uy
2133,gucci
2134,guge
2135,guide
2136,guitars
2137,gujo.gifu.jp
2138,gunma.jp
2139,guru
2140,gv.ao
2141,gv.at
2142,gw
2143,gwangju.kr
2144,gwiddle.co.uk
2145,gx.cn
2146,gy
2147,gyeongbuk.kr
2148,gyeonggi.kr
2149,gz.cn
2150,h.se
2151,ha.cn
2152,ha.no
2153,habikino.osaka.jp
2154,hachijo.tokyo.jp
2155,hachinohe.aomori.jp
2156,hachioji.tokyo.jp
2157,hachirogata.akita.jp
2158,hadano.kanagawa.jp
2159,haebaru.okinawa.jp
2160,haga.tochigi.jp
2161,hagi.yamaguchi.jp
2162,hair
2163,hakata.fukuoka.jp
2164,hakodate.hokkaido.jp
2165,hakone.kanagawa.jp
2166,hakuba.nagano.jp
2167,hakui.ishikawa.jp
2168,hakusan.ishikawa.jp
2169,half.host
2170,halsa.no
2171,ham-radio-op.net
2172,hamada.shimane.jp
2173,hamamatsu.shizuoka.jp
2174,hamar.no
2175,hamburg
2176,hamburg.museum
2177,hammerfest.no
2178,hamura.tokyo.jp
2179,hanamaki.iwate.jp
2180,hanawa.fukushima.jp
2181,handson.museum
2182,hangout
2183,hannan.osaka.jp
2184,hanno.saitama.jp
2185,happou.akita.jp
2186,hara.nagano.jp
2187,hasama.oita.jp
2188,hashbang.sh
2189,hashikami.aomori.jp
2190,hashima.gifu.jp
2191,hasura-app.io
2192,hasura.app
2193,haugesund.no
2194,haus
2195,hb.cldmail.ru
2196,hb.cn
2197,hbo
2198,hdfc
2199,hdfcbank
2200,he.cn
2201,health
2202,health-carereform.com
2203,health.museum
2204,health.nz
2205,health.vn
2206,healthcare
2207,heguri.nara.jp
2208,hekinan.aichi.jp
2209,help
2210,helsinki
2211,hepforge.org
2212,herad.no
2213,here
2214,here-for-more.info
2215,heritage.museum
2216,hermes
2217,herokuapp.com
2218,herokussl.com
2219,hgtv
2220,hi.cn
2221,hi.us
2222,hicam.net
2223,hichiso.gifu.jp
2224,hida.gifu.jp
2225,higashi.okinawa.jp
2226,higashihiroshima.hiroshima.jp
2227,higashiizu.shizuoka.jp
2228,higashikagawa.kagawa.jp
2229,higashikawa.hokkaido.jp
2230,higashimurayama.tokyo.jp
2231,higashine.yamagata.jp
2232,higashiomi.shiga.jp
2233,higashishirakawa.gifu.jp
2234,higashiyamato.tokyo.jp
2235,hikari.yamaguchi.jp
2236,hikawa.shimane.jp
2237,hikone.shiga.jp
2238,himeji.hyogo.jp
2239,hino.tokyo.jp
2240,hino.tottori.jp
2241,hinode.tokyo.jp
2242,hinohara.tokyo.jp
2243,hioki.kagoshima.jp
2244,hiphop
2245,hirado.nagasaki.jp
2246,hirakata.osaka.jp
2247,hirara.okinawa.jp
2248,hiratsuka.kanagawa.jp
2249,hirokawa.fukuoka.jp
2250,hirono.fukushima.jp
2251,hirosaki.aomori.jp
2252,hiroshima.jp
2253,hisamitsu
2254,hisayama.fukuoka.jp
2255,historisch.museum
2256,history.museum
2257,hita.oita.jp
2258,hitachi
2259,hitachinaka.ibaraki.jp
2260,hitachiota.ibaraki.jp
2261,hitra.no
2262,hiv
2263,hjelmeland.no
2264,hk
2265,hk.cn
2266,hk.com
2267,hk.org
2268,hkt
2269,hl.cn
2270,hm
2271,hm.no
2272,hn
2273,hn.cn
2274,hobby-site.com
2275,hobby-site.org
2276,hobol.no
2277,hockey
2278,hofu.yamaguchi.jp
2279,hokkaido.jp
2280,hokuto.hokkaido.jp
2281,holdings
2282,hole.no
2283,holiday
2284,home-webserver.de
2285,home.dyndns.org
2286,homedepot
2287,homedns.org
2288,homeftp.net
2289,homeftp.org
2290,homeip.net
2291,homelinux.com
2292,homelinux.net
2293,homelinux.org
2294,homeoffice.gov.uk
2295,homes
2296,homesecuritymac.com
2297,homesecuritypc.com
2298,homesense
2299,homeunix.com
2300,homeunix.net
2301,homeunix.org
2302,honbetsu.hokkaido.jp
2303,honda
2304,honeywell
2305,hopto.me
2306,hopto.org
2307,horokanai.hokkaido.jp
2308,horse
2309,horten.no
2310,hospital
2311,host
2312,hosting
2313,hosting-cluster.nl
2314,hot
2315,hotel.hu
2316,hotel.lk
2317,hoteles
2318,hotels
2319,hotmail
2320,house
2321,house.museum
2322,how
2323,hoyanger.no
2324,hr
2325,hs.kr
2326,hsbc
2327,ht
2328,hu
2329,hu.com
2330,hu.net
2331,hughes
2332,huissier-justice.fr
2333,hvaler.no
2334,hyatt
2335,hyogo.jp
2336,hyuga.miyazaki.jp
2337,hyundai
2338,i.ng
2339,i.ph
2340,i.se
2341,i234.me
2342,i2p
2343,ia.us
2344,iamallama.com
2345,ibara.okayama.jp
2346,ibaraki.jp
2347,ibaraki.osaka.jp
2348,ibm
2349,ic.gov.pl
2350,icbc
2351,ice
2352,ichihara.chiba.jp
2353,ichikai.tochigi.jp
2354,ichikawa.chiba.jp
2355,ichikawamisato.yamanashi.jp
2356,ichinohe.iwate.jp
2357,ichinomiya.aichi.jp
2358,ichinoseki.iwate.jp
2359,icu
2360,id
2361,id.au
2362,id.ir
2363,id.lv
2364,id.ly
2365,id.us
2366,ide.kyoto.jp
2367,idf.il
2368,idrett.no
2369,idv.hk
2370,idv.tw
2371,ie
2372,ie.eu.org
2373,ieee
2374,if.ua
2375,ifm
2376,iida.nagano.jp
2377,iide.yamagata.jp
2378,iitate.fukushima.jp
2379,ikano
2380,ikaruga.nara.jp
2381,ikeda.fukui.jp
2382,ikeda.gifu.jp
2383,ikeda.osaka.jp
2384,iki.fi
2385,il
2386,il.us
2387,ilawa.pl
2388,ilovecollege.info
2389,im
2390,im.it
2391,imamat
2392,imari.saga.jp
2393,imb.br
2394,imdb
2395,imizu.toyama.jp
2396,immo
2397,immobilien
2398,imperia.it
2399,in
2400,in-addr.arpa
2401,in-berlin.de
2402,in-brb.de
2403,in-the-band.net
2404,in-vpn.de
2405,in.eu.org
2406,in.na
2407,in.net
2408,in.rs
2409,in.th
2410,in.ua
2411,in.us
2412,inabe.mie.jp
2413,inagi.tokyo.jp
2414,inawashiro.fukushima.jp
2415,inazawa.aichi.jp
2416,inc
2417,inc.hk
2418,incheon.kr
2419,ind.br
2420,ind.in
2421,ind.tn
2422,inderoy.no
2423,industria.bo
2424,industries
2425,indy
2426,inf.br
2427,inf.cu
2428,inf.mk
2429,inf.ua
2430,infiniti
2431,info
2432,info.at
2433,info.au
2434,info.az
2435,info.bo
2436,info.cx
2437,info.ec
2438,info.et
2439,info.hu
2440,info.ke
2441,info.ki
2442,info.na
2443,info.ni
2444,info.pl
2445,info.pr
2446,info.ro
2447,info.sd
2448,info.tn
2449,info.tr
2450,info.tt
2451,info.ve
2452,info.vn
2453,ing
2454,ingatlan.hu
2455,ink
2456,ino.kochi.jp
2457,institute
2458,insurance
2459,insure
2460,int
2461,int.ar
2462,int.az
2463,int.ci
2464,int.eu.org
2465,int.mw
2466,int.ru
2467,int.tt
2468,int.ve
2469,int.vn
2470,intel
2471,intelligence.museum
2472,international
2473,internet-dns.de
2474,intuit
2475,investments
2476,io
2477,ip6.arpa
2478,ipiranga
2479,iq
2480,ir
2481,iraq.museum
2482,irish
2483,iruma.saitama.jp
2484,is
2485,is-a-anarchist.com
2486,is-a-blogger.com
2487,is-a-bookkeeper.com
2488,is-a-bruinsfan.org
2489,is-a-bulls-fan.com
2490,is-a-celticsfan.org
2491,is-a-chef.com
2492,is-a-chef.net
2493,is-a-chef.org
2494,is-a-conservative.com
2495,is-a-cpa.com
2496,is-a-cubicle-slave.com
2497,is-a-designer.com
2498,is-a-doctor.com
2499,is-a-financialadvisor.com
2500,is-a-geek.com
2501,is-a-geek.net
2502,is-a-geek.org
2503,is-a-green.com
2504,is-a-guru.com
2505,is-a-hard-worker.com
2506,is-a-hunter.com
2507,is-a-knight.org
2508,is-a-landscaper.com
2509,is-a-lawyer.com
2510,is-a-liberal.com
2511,is-a-libertarian.com
2512,is-a-linux-user.org
2513,is-a-llama.com
2514,is-a-musician.com
2515,is-a-nascarfan.com
2516,is-a-nurse.com
2517,is-a-patsfan.org
2518,is-a-personaltrainer.com
2519,is-a-photographer.com
2520,is-a-player.com
2521,is-a-rockstar.com
2522,is-a-socialist.com
2523,is-a-soxfan.org
2524,is-a-student.com
2525,is-a-teacher.com
2526,is-a-techie.com
2527,is-a-therapist.com
2528,is-an-accountant.com
2529,is-an-actor.com
2530,is-an-actress.com
2531,is-an-anarchist.com
2532,is-an-artist.com
2533,is-an-engineer.com
2534,is-an-entertainer.com
2535,is-by.us
2536,is-certified.com
2537,is-found.org
2538,is-gone.com
2539,is-into-anime.com
2540,is-into-cars.com
2541,is-into-cartoons.com
2542,is-into-games.com
2543,is-leet.com
2544,is-lost.org
2545,is-not-certified.com
2546,is-saved.org
2547,is-slick.com
2548,is-uberleet.com
2549,is-very-bad.org
2550,is-very-evil.org
2551,is-very-good.org
2552,is-very-nice.org
2553,is-very-sweet.org
2554,is-with-theband.com
2555,is.gov.pl
2556,is.it
2557,isa-geek.com
2558,isa-geek.net
2559,isa-geek.org
2560,isa-hockeynut.com
2561,isa.kagoshima.jp
2562,isa.us
2563,isahaya.nagasaki.jp
2564,ise.mie.jp
2565,isehara.kanagawa.jp
2566,iselect
2567,isen.kagoshima.jp
2568,isernia.it
2569,isesaki.gunma.jp
2570,ishigaki.okinawa.jp
2571,ishikari.hokkaido.jp
2572,ishikawa.fukushima.jp
2573,ishikawa.jp
2574,isla.pr
2575,ismaili
2576,issmarterthanyou.com
2577,ist
2578,istanbul
2579,isteingeek.de
2580,istmein.de
2581,it
2582,it.ao
2583,itabashi.tokyo.jp
2584,itakura.gunma.jp
2585,itami.hyogo.jp
2586,itano.tokushima.jp
2587,itau
2588,itoigawa.niigata.jp
2589,itoman.okinawa.jp
2590,its.me
2591,itv
2592,ivano-frankivsk.ua
2593,ivanovo.su
2594,iveco
2595,iwaizumi.iwate.jp
2596,iwaki.fukushima.jp
2597,iwakuni.yamaguchi.jp
2598,iwakura.aichi.jp
2599,iwamizawa.hokkaido.jp
2600,iwanai.hokkaido.jp
2601,iwata.shizuoka.jp
2602,iwate.jp
2603,iwi.nz
2604,iyo.ehime.jp
2605,iz.hr
2606,izena.okinawa.jp
2607,izu.shizuoka.jp
2608,izumi.kagoshima.jp
2609,izumi.osaka.jp
2610,izumisano.osaka.jp
2611,izumizaki.fukushima.jp
2612,izumo.shimane.jp
2613,izumozaki.niigata.jp
2614,izunokuni.shizuoka.jp
2615,jab.br
2616,jaguar
2617,jambyl.su
2618,jamison.museum
2619,jampa.br
2620,jan-mayen.no
2621,java
2622,jaworzno.pl
2623,jcb
2624,jcp
2625,jdevcloud.com
2626,jdf.br
2627,je
2628,jeep
2629,jeju.kr
2630,jelenia-gora.pl
2631,jeonbuk.kr
2632,jeonnam.kr
2633,jetzt
2634,jewelry
2635,jewish.museum
2636,jgora.pl
2637,jio
2638,jl.cn
2639,jll
2640,jm
2641,jmp
2642,jnj
2643,jo
2644,jobs
2645,jobs.tt
2646,joburg
2647,joetsu.niigata.jp
2648,jogasz.hu
2649,joinville.br
2650,jor.br
2651,jot
2652,joy
2653,joyo.kyoto.jp
2654,jp
2655,jp.net
2656,jpmorgan
2657,jpn.com
2658,jprs
2659,js.cn
2660,js.org
2661,juegos
2662,juniper
2663,jus.br
2664,jx.cn
2665,k.se
2666,k12.ak.us
2667,k12.al.us
2668,k12.ar.us
2669,k12.as.us
2670,k12.az.us
2671,k12.ca.us
2672,k12.co.us
2673,k12.ct.us
2674,k12.dc.us
2675,k12.de.us
2676,k12.ec
2677,k12.fl.us
2678,k12.ga.us
2679,k12.ia.us
2680,k12.id.us
2681,k12.il
2682,k12.il.us
2683,k12.in.us
2684,k12.ks.us
2685,k12.ky.us
2686,k12.la.us
2687,k12.ma.us
2688,k12.md.us
2689,k12.me.us
2690,k12.mi.us
2691,k12.mn.us
2692,k12.mo.us
2693,k12.ms.us
2694,k12.mt.us
2695,k12.nc.us
2696,k12.ne.us
2697,k12.nh.us
2698,k12.nj.us
2699,k12.nm.us
2700,k12.nv.us
2701,k12.ny.us
2702,k12.oh.us
2703,k12.ok.us
2704,k12.or.us
2705,k12.pa.us
2706,k12.ri.us
2707,k12.sc.us
2708,k12.tn.us
2709,k12.tr
2710,k12.tx.us
2711,k12.ut.us
2712,k12.va.us
2713,k12.vi
2714,k12.vi.us
2715,k12.vt.us
2716,k12.wa.us
2717,k12.wi.us
2718,k12.wy.us
2719,kadena.okinawa.jp
2720,kagami.kochi.jp
2721,kagawa.jp
2722,kagoshima.jp
2723,kagoshima.kagoshima.jp
2724,kahoku.yamagata.jp
2725,kaita.hiroshima.jp
2726,kaizuka.osaka.jp
2727,kakegawa.shizuoka.jp
2728,kakogawa.hyogo.jp
2729,kakuda.miyagi.jp
2730,kalisz.pl
2731,kalmykia.ru
2732,kaluga.su
2733,kamagaya.chiba.jp
2734,kamaishi.iwate.jp
2735,kamakura.kanagawa.jp
2736,kameoka.kyoto.jp
2737,kami.kochi.jp
2738,kami.miyagi.jp
2739,kamifurano.hokkaido.jp
2740,kamigori.hyogo.jp
2741,kamiichi.toyama.jp
2742,kamijima.ehime.jp
2743,kamikawa.saitama.jp
2744,kamikitayama.nara.jp
2745,kaminokawa.tochigi.jp
2746,kaminoyama.yamagata.jp
2747,kamisu.ibaraki.jp
2748,kamo.niigata.jp
2749,kamogawa.chiba.jp
2750,kanagawa.jp
2751,kanazawa.ishikawa.jp
2752,kanegasaki.iwate.jp
2753,kaneyama.fukushima.jp
2754,kaneyama.yamagata.jp
2755,kani.gifu.jp
2756,kanie.aichi.jp
2757,kanonji.kagawa.jp
2758,kanoya.kagoshima.jp
2759,kanuma.tochigi.jp
2760,karacol.su
2761,karaganda.su
2762,karatsu.saga.jp
2763,karelia.su
2764,kariya.aichi.jp
2765,karpacz.pl
2766,kartuzy.pl
2767,karuizawa.nagano.jp
2768,karumai.iwate.jp
2769,kasai.hyogo.jp
2770,kasama.ibaraki.jp
2771,kasamatsu.gifu.jp
2772,kashihara.nara.jp
2773,kashima.ibaraki.jp
2774,kashiwara.osaka.jp
2775,kasuga.fukuoka.jp
2776,kasugai.aichi.jp
2777,kasukabe.saitama.jp
2778,kasumigaura.ibaraki.jp
2779,kasuya.fukuoka.jp
2780,kaszuby.pl
2781,katagami.akita.jp
2782,katano.osaka.jp
2783,katori.chiba.jp
2784,katowice.pl
2785,katsuragi.nara.jp
2786,katsuragi.wakayama.jp
2787,katsushika.tokyo.jp
2788,katsuyama.fukui.jp
2789,kaufen
2790,kawagoe.saitama.jp
2791,kawaguchi.saitama.jp
2792,kawajima.saitama.jp
2793,kawakami.nagano.jp
2794,kawakita.ishikawa.jp
2795,kawanehon.shizuoka.jp
2796,kawanishi.yamagata.jp
2797,kawasaki.jp
2798,kawazu.shizuoka.jp
2799,kazimierz-dolny.pl
2800,kazo.saitama.jp
2801,kazuno.akita.jp
2802,kddi
2803,ke
2804,keisen.fukuoka.jp
2805,kep.tr
2806,kepno.pl
2807,kerryhotels
2808,kerrylogistics
2809,kerryproperties
2810,ketrzyn.pl
2811,keymachine.de
2812,kfh
2813,kg
2814,kg.kr
2815,kh
2816,kh.ua
2817,khakassia.su
2818,kharkiv.ua
2819,kharkov.ua
2820,kherson.ua
2821,khmelnitskiy.ua
2822,ki
2823,kia
2824,kicks-ass.net
2825,kicks-ass.org
2826,kids.us
2827,kiev.ua
2828,kijo.miyazaki.jp
2829,kikonai.hokkaido.jp
2830,kim
2831,kinder
2832,kirovograd.ua
2833,kisarazu.chiba.jp
2834,kishiwada.osaka.jp
2835,kita.tokyo.jp
2836,kitagata.gifu.jp
2837,kitagawa.kochi.jp
2838,kitakami.iwate.jp
2839,kitakata.fukushima.jp
2840,kitakyushu.jp
2841,kitamoto.saitama.jp
2842,kitashiobara.fukushima.jp
2843,kitayama.wakayama.jp
2844,kitchen
2845,kiwi
2846,kiwi.nz
2847,kiyosu.aichi.jp
2848,klepp.no
2849,klodzko.pl
2850,km
2851,km.ua
2852,kmpsp.gov.pl
2853,kn
2854,knowsitall.info
2855,kobe.jp
2856,kobierzyce.pl
2857,kochi.jp
2858,kochi.kochi.jp
2859,kodaira.tokyo.jp
2860,koeln
2861,kofu.yamanashi.jp
2862,koga.fukuoka.jp
2863,koka.shiga.jp
2864,kokonoe.oita.jp
2865,kokubunji.tokyo.jp
2866,kolobrzeg.pl
2867,komae.tokyo.jp
2868,komagane.nagano.jp
2869,komaki.aichi.jp
2870,komatsu
2871,komatsu.ishikawa.jp
2872,kommunalforbund.se
2873,kommune.no
2874,komono.mie.jp
2875,komoro.nagano.jp
2876,konan.shiga.jp
2877,kongsberg.no
2878,konin.pl
2879,konskowola.pl
2880,konsulat.gov.pl
2881,konyvelo.hu
2882,koriyama.fukushima.jp
2883,koryo.nara.jp
2884,kosai.shizuoka.jp
2885,kosaka.akita.jp
2886,kosher
2887,koshigaya.saitama.jp
2888,koshu.yamanashi.jp
2889,kota.aichi.jp
2890,kotohira.kagawa.jp
2891,kotoura.tottori.jp
2892,kounosu.saitama.jp
2893,kouzushima.tokyo.jp
2894,koya.wakayama.jp
2895,kozow.com
2896,kp
2897,kpmg
2898,kpn
2899,kppsp.gov.pl
2900,kr
2901,kr.com
2902,kr.it
2903,kr.ua
2904,krakow.pl
2905,krasnik.pl
2906,krasnodar.su
2907,krd
2908,kred
2909,kristiansand.no
2910,ks.ua
2911,ks.us
2912,kudoyama.wakayama.jp
2913,kuji.iwate.jp
2914,kumagaya.saitama.jp
2915,kumamoto.jp
2916,kumamoto.kumamoto.jp
2917,kumano.hiroshima.jp
2918,kunden.ortsinfo.at
2919,kunigami.okinawa.jp
2920,kunimi.fukushima.jp
2921,kunisaki.oita.jp
2922,kunitachi.tokyo.jp
2923,kunohe.iwate.jp
2924,kunstunddesign.museum
2925,kuokgroup
2926,kurashiki.okayama.jp
2927,kure.hiroshima.jp
2928,kurgan.su
2929,kurobe.toyama.jp
2930,kuroishi.aomori.jp
2931,kuromatsunai.hokkaido.jp
2932,kurume.fukuoka.jp
2933,kusatsu.gunma.jp
2934,kustanai.ru
2935,kusu.oita.jp
2936,kutchan.hokkaido.jp
2937,kutno.pl
2938,kuzumaki.iwate.jp
2939,kv.ua
2940,kvam.no
2941,kvinnherad.no
2942,kviteseid.no
2943,kw
2944,kwp.gov.pl
2945,kwpsp.gov.pl
2946,ky
2947,ky.us
2948,kyiv.ua
2949,kyotamba.kyoto.jp
2950,kyoto
2951,kyoto.jp
2952,kz
2953,l.se
2954,la
2955,la-spezia.it
2956,la.us
2957,labour.museum
2958,lacaixa
2959,ladbrokes
2960,lakas.hu
2961,lamborghini
2962,lamer
2963,lancaster
2964,lancia
2965,lancome
2966,land
2967,landing.myjino.ru
2968,landrover
2969,lanxess
2970,lapy.pl
2971,laquila.it
2972,larvik.no
2973,lasalle
2974,laspezia.it
2975,lat
2976,latina.it
2977,latino
2978,latrobe
2979,law
2980,law.pro
2981,law.za
2982,lawyer
2983,laz.it
2984,lazio.it
2985,lb
2986,lc
2987,lc.it
2988,lcube-server.de
2989,lds
2990,le.it
2991,leadpages.co
2992,lease
2993,lebork.pl
2994,lebtimnetz.de
2995,lecce.it
2996,lecco.it
2997,leclerc
2998,leczna.pl
2999,lefrak
3000,leg.br
3001,legal
3002,legnica.pl
3003,lego
3004,leitungsen.de
3005,lel.br
3006,levanger.no
3007,lexus
3008,lezajsk.pl
3009,lg.jp
3010,lg.ua
3011,lgbt
3012,li
3013,li.it
3014,liaison
3015,lib
3016,lib.ak.us
3017,lib.al.us
3018,lib.ar.us
3019,lib.az.us
3020,lib.ca.us
3021,lib.co.us
3022,lib.ct.us
3023,lib.de.us
3024,lib.ee
3025,lib.fl.us
3026,lib.ga.us
3027,lib.ia.us
3028,lib.id.us
3029,lib.il.us
3030,lib.in.us
3031,lib.ks.us
3032,lib.ky.us
3033,lib.la.us
3034,lib.ma.us
3035,lib.md.us
3036,lib.me.us
3037,lib.mi.us
3038,lib.mn.us
3039,lib.mo.us
3040,lib.ms.us
3041,lib.mt.us
3042,lib.nc.us
3043,lib.nd.us
3044,lib.nh.us
3045,lib.nj.us
3046,lib.nm.us
3047,lib.nv.us
3048,lib.ny.us
3049,lib.oh.us
3050,lib.ok.us
3051,lib.or.us
3052,lib.pa.us
3053,lib.sc.us
3054,lib.tn.us
3055,lib.tx.us
3056,lib.ut.us
3057,lib.va.us
3058,lib.vt.us
3059,lib.wa.us
3060,lib.wi.us
3061,lib.wy.us
3062,lidl
3063,life
3064,lifeinsurance
3065,lifestyle
3066,lighting
3067,liguria.it
3068,like
3069,likes-pie.com
3070,likescandy.com
3071,lillehammer.no
3072,lillesand.no
3073,lilly
3074,lima-city.at
3075,lima-city.ch
3076,lima-city.de
3077,lima-city.rocks
3078,lima.zone
3079,limanowa.pl
3080,limited
3081,limo
3082,lincoln
3083,linde
3084,link
3085,linkyard.cloud
3086,lipsy
3087,live
3088,living
3089,livorno.it
3090,lixil
3091,lk
3092,llc
3093,ln.cn
3094,lo.it
3095,loan
3096,loans
3097,localhistory.museum
3098,locker
3099,locus
3100,lodi.it
3101,loft
3102,loginto.me
3103,logoip.de
3104,lol
3105,lom.it
3106,lom.no
3107,lombardia.it
3108,lomza.pl
3109,london
3110,london.museum
3111,londrina.br
3112,lorenskog.no
3113,losangeles.museum
3114,loseyourip.com
3115,lotte
3116,lotto
3117,love
3118,lowicz.pl
3119,lpages.co
3120,lpl
3121,lplfinancial
3122,lpusercontent.com
3123,lr
3124,ls
3125,lt
3126,lt.it
3127,lt.ua
3128,ltd
3129,ltd.cy
3130,ltd.gi
3131,ltd.hk
3132,ltd.lk
3133,ltd.ua
3134,ltd.uk
3135,ltda
3136,lu
3137,lu.it
3138,lubartow.pl
3139,lubin.pl
3140,lublin.pl
3141,lucca.it
3142,lug.org.uk
3143,lugansk.ua
3144,lukow.pl
3145,lundbeck
3146,lupin
3147,lutsk.ua
3148,luxe
3149,luxury
3150,lv
3151,lviv.ua
3152,ly
3153,lyngdal.no
3154,m.bg
3155,m.se
3156,ma
3157,ma.gov.br
3158,ma.leg.br
3159,ma.us
3160,macapa.br
3161,maceio.br
3162,macerata.it
3163,machida.tokyo.jp
3164,macys
3165,madrid
3166,maebashi.gunma.jp
3167,magentosite.cloud
3168,maif
3169,mail.pl
3170,maison
3171,maizuru.kyoto.jp
3172,makeup
3173,makinohara.shizuoka.jp
3174,malbork.pl
3175,malopolska.pl
3176,man
3177,management
3178,manaus.br
3179,mango
3180,mangyshlak.su
3181,mantova.it
3182,manx.museum
3183,maori.nz
3184,map
3185,map.fastly.net
3186,map.fastlylb.net
3187,mar.it
3188,marche.it
3189,marine.ru
3190,maringa.br
3191,maritime.museum
3192,market
3193,marketing
3194,markets
3195,marriott
3196,masaki.ehime.jp
3197,maserati
3198,mashiko.tochigi.jp
3199,massa-carrara.it
3200,mat.br
3201,matera.it
3202,matsubara.osaka.jp
3203,matsudo.chiba.jp
3204,matsue.shimane.jp
3205,matsukawa.nagano.jp
3206,matsumae.hokkaido.jp
3207,matsumoto.nagano.jp
3208,matsusaka.mie.jp
3209,matsushima.miyagi.jp
3210,matsuyama.ehime.jp
3211,matsuzaki.shizuoka.jp
3212,mattel
3213,mayfirst.info
3214,mayfirst.org
3215,mazowsze.pl
3216,mazury.pl
3217,mb.ca
3218,mb.it
3219,mba
3220,mc
3221,mc.it
3222,mckinsey
3223,md
3224,md.us
3225,me
3226,me.it
3227,me.ke
3228,me.tz
3229,me.uk
3230,me.us
3231,med
3232,med.br
3233,med.ec
3234,med.ee
3235,med.ly
3236,med.pl
3237,med.pro
3238,med.sa
3239,medecin.fr
3240,media
3241,media.hu
3242,media.pl
3243,medical.museum
3244,mediocampidano.it
3245,meet
3246,meguro.tokyo.jp
3247,mein-iserv.de
3248,mein-vigor.de
3249,meiwa.mie.jp
3250,melbourne
3251,meldal.no
3252,meme
3253,memorial
3254,memset.net
3255,men
3256,menu
3257,merseine.nu
3258,messina.it
3259,meteorapp.com
3260,metlife
3261,mex.com
3262,mg
3263,mg.gov.br
3264,mg.leg.br
3265,mh
3266,mi.it
3267,mi.th
3268,mi.us
3269,miami
3270,miasa.nagano.jp
3271,miasta.pl
3272,michigan.museum
3273,micro
3274,microsoft
3275,mie.jp
3276,mielec.pl
3277,mielno.pl
3278,mihama.fukui.jp
3279,mihara.hiroshima.jp
3280,miharu.fukushima.jp
3281,miho.ibaraki.jp
3282,mil
3283,mil.ae
3284,mil.al
3285,mil.ar
3286,mil.bo
3287,mil.br
3288,mil.by
3289,mil.cl
3290,mil.cn
3291,mil.co
3292,mil.do
3293,mil.ec
3294,mil.ge
3295,mil.gh
3296,mil.gt
3297,mil.hn
3298,mil.id
3299,mil.in
3300,mil.iq
3301,mil.jo
3302,mil.kg
3303,mil.kr
3304,mil.kz
3305,mil.lv
3306,mil.my
3307,mil.mz
3308,mil.ng
3309,mil.ni
3310,mil.no
3311,mil.nz
3312,mil.pe
3313,mil.ph
3314,mil.pl
3315,mil.py
3316,mil.qa
3317,mil.ru
3318,mil.tr
3319,mil.tw
3320,mil.tz
3321,mil.uy
3322,mil.ve
3323,mil.za
3324,milan.it
3325,milano.it
3326,military.museum
3327,minakami.gunma.jp
3328,minami-alps.yamanashi.jp
3329,minamiaiki.nagano.jp
3330,minamiawaji.hyogo.jp
3331,minamiboso.chiba.jp
3332,minamidaito.okinawa.jp
3333,minamiechizen.fukui.jp
3334,minamiizu.shizuoka.jp
3335,minamisanriku.miyagi.jp
3336,minamitane.kagoshima.jp
3337,minamiuonuma.niigata.jp
3338,minano.saitama.jp
3339,minato.tokyo.jp
3340,mincom.tn
3341,mine.nu
3342,mini
3343,mining.museum
3344,miniserver.com
3345,minnesota.museum
3346,mino.gifu.jp
3347,minoh.osaka.jp
3348,minokamo.gifu.jp
3349,minowa.nagano.jp
3350,mint
3351,misaki.okayama.jp
3352,misasa.tottori.jp
3353,misato.miyagi.jp
3354,misato.saitama.jp
3355,misconfused.org
3356,mishima.fukushima.jp
3357,mishima.shizuoka.jp
3358,missile.museum
3359,mit
3360,mitaka.tokyo.jp
3361,mitake.gifu.jp
3362,mitane.akita.jp
3363,mito.ibaraki.jp
3364,mitsubishi
3365,mitsue.nara.jp
3366,mitsuke.niigata.jp
3367,miura.kanagawa.jp
3368,miyagi.jp
3369,miyako.iwate.jp
3370,miyakonojo.miyazaki.jp
3371,miyashiro.saitama.jp
3372,miyazaki.jp
3373,miyazaki.miyazaki.jp
3374,miyazu.kyoto.jp
3375,miyoshi.hiroshima.jp
3376,mizumaki.fukuoka.jp
3377,mizunami.gifu.jp
3378,mizusawa.iwate.jp
3379,mk
3380,mk.ua
3381,ml
3382,mlb
3383,mlbfan.org
3384,mls
3385,mm
3386,mma
3387,mmafan.biz
3388,mn
3389,mn.it
3390,mn.us
3391,mo
3392,mo.cn
3393,mo.it
3394,mo.us
3395,mobi
3396,mobi.ke
3397,mobi.ng
3398,mobile
3399,mobily
3400,moda
3401,modena.it
3402,moe
3403,moi
3404,mol.it
3405,molde.no
3406,molise.it
3407,mom
3408,monash
3409,money
3410,money.museum
3411,monster
3412,montreal.museum
3413,monza.it
3414,monzabrianza.it
3415,moonscale.net
3416,mopar
3417,mordovia.ru
3418,morena.br
3419,moriguchi.osaka.jp
3420,morimachi.shizuoka.jp
3421,morioka.iwate.jp
3422,moriya.ibaraki.jp
3423,mormon
3424,mortgage
3425,moscow
3426,moscow.museum
3427,moss.no
3428,moto
3429,motorcycles
3430,mov
3431,movie
3432,movistar
3433,mozilla-iot.org
3434,mp
3435,mp.br
3436,mq
3437,mr
3438,mr.no
3439,mragowo.pl
3440,ms
3441,ms.gov.br
3442,ms.it
3443,ms.kr
3444,ms.leg.br
3445,ms.us
3446,msd
3447,msk.ru
3448,msk.su
3449,mt
3450,mt.gov.br
3451,mt.it
3452,mt.leg.br
3453,mt.us
3454,mtn
3455,mtr
3456,mu
3457,muko.kyoto.jp
3458,mulhouse.museum
3459,muni.il
3460,mup.gov.pl
3461,murakami.niigata.jp
3462,murata.miyagi.jp
3463,murayama.yamagata.jp
3464,murmansk.su
3465,muroran.hokkaido.jp
3466,mus.br
3467,mus.mi.us
3468,musashimurayama.tokyo.jp
3469,musashino.tokyo.jp
3470,museum
3471,museum.no
3472,museumcenter.museum
3473,musica.ar
3474,mutsuzawa.chiba.jp
3475,mutual
3476,mv
3477,mw
3478,mw.gov.pl
3479,mx
3480,my
3481,my-firewall.org
3482,my-gateway.de
3483,my-router.de
3484,my-vigor.de
3485,my-wan.de
3486,my.eu.org
3487,my.id
3488,myactivedirectory.com
3489,myasustor.com
3490,myddns.rocks
3491,mydissent.net
3492,mydrobo.com
3493,myds.me
3494,myeffect.net
3495,myfirewall.org
3496,myfritz.net
3497,myftp.biz
3498,myftp.org
3499,myhome-server.de
3500,myiphost.com
3501,myjino.ru
3502,mymailer.com.tw
3503,mymediapc.net
3504,mypep.link
3505,mypets.ws
3506,myphotos.cc
3507,mypi.co
3508,mypsx.net
3509,myqnapcloud.com
3510,mysecuritycamera.com
3511,mysecuritycamera.net
3512,mysecuritycamera.org
3513,myshopblocks.com
3514,mytis.ru
3515,myvnc.com
3516,mywire.org
3517,mz
3518,n.se
3519,n4t.co
3520,na
3521,na.it
3522,nab
3523,nabari.mie.jp
3524,nadex
3525,nagahama.shiga.jp
3526,nagai.yamagata.jp
3527,nagano.jp
3528,nagano.nagano.jp
3529,naganohara.gunma.jp
3530,nagaoka.niigata.jp
3531,nagaokakyo.kyoto.jp
3532,nagareyama.chiba.jp
3533,nagasaki.jp
3534,nagasaki.nagasaki.jp
3535,nagato.yamaguchi.jp
3536,nago.okinawa.jp
3537,nagoya
3538,nagoya.jp
3539,naha.okinawa.jp
3540,nahari.kochi.jp
3541,naka.hiroshima.jp
3542,naka.ibaraki.jp
3543,nakadomari.aomori.jp
3544,nakagawa.nagano.jp
3545,nakagusuku.okinawa.jp
3546,nakama.fukuoka.jp
3547,nakano.nagano.jp
3548,nakanoto.ishikawa.jp
3549,nakatsugawa.gifu.jp
3550,nakayama.yamagata.jp
3551,naklo.pl
3552,nalchik.ru
3553,name
3554,name.az
3555,name.eg
3556,name.hr
3557,name.jo
3558,name.mk
3559,name.my
3560,name.ng
3561,name.pr
3562,name.qa
3563,name.tr
3564,name.vn
3565,namerikawa.toyama.jp
3566,namsos.no
3567,nanae.hokkaido.jp
3568,nanao.ishikawa.jp
3569,nanbu.tottori.jp
3570,nanbu.yamanashi.jp
3571,nanjo.okinawa.jp
3572,nantan.kyoto.jp
3573,nanto.toyama.jp
3574,naoshima.kagawa.jp
3575,napoli.it
3576,nara.jp
3577,nara.nara.jp
3578,narashino.chiba.jp
3579,narita.chiba.jp
3580,narusawa.yamanashi.jp
3581,naruto.tokushima.jp
3582,narvik.no
3583,nat.tn
3584,natal.br
3585,nationwide
3586,natura
3587,naturalhistory.museum
3588,naustdal.no
3589,navoi.su
3590,navy
3591,nb.ca
3592,nba
3593,nc
3594,nc.tr
3595,nc.us
3596,nd.us
3597,ne
3598,ne.jp
3599,ne.ke
3600,ne.kr
3601,ne.pw
3602,ne.tz
3603,ne.ug
3604,ne.us
3605,neat-url.com
3606,nec
3607,nemuro.hokkaido.jp
3608,neo
3609,nerdpol.ovh
3610,nerima.tokyo.jp
3611,net
3612,net-freaks.com
3613,net.ac
3614,net.ae
3615,net.af
3616,net.ag
3617,net.ai
3618,net.al
3619,net.ar
3620,net.au
3621,net.az
3622,net.ba
3623,net.bb
3624,net.bh
3625,net.bn
3626,net.bo
3627,net.br
3628,net.bs
3629,net.bt
3630,net.bz
3631,net.ci
3632,net.cm
3633,net.cn
3634,net.co
3635,net.cu
3636,net.cy
3637,net.dm
3638,net.do
3639,net.dz
3640,net.ec
3641,net.eg
3642,net.et
3643,net.eu.org
3644,net.ge
3645,net.gn
3646,net.gp
3647,net.gr
3648,net.gt
3649,net.gy
3650,net.hk
3651,net.hn
3652,net.ht
3653,net.id
3654,net.il
3655,net.im
3656,net.in
3657,net.iq
3658,net.ir
3659,net.is
3660,net.je
3661,net.jo
3662,net.kg
3663,net.ki
3664,net.kn
3665,net.kw
3666,net.ky
3667,net.kz
3668,net.la
3669,net.lb
3670,net.lk
3671,net.lr
3672,net.lv
3673,net.ly
3674,net.ma
3675,net.me
3676,net.mk
3677,net.ml
3678,net.mo
3679,net.ms
3680,net.mt
3681,net.mu
3682,net.mv
3683,net.mx
3684,net.my
3685,net.nf
3686,net.ng
3687,net.ni
3688,net.nr
3689,net.nz
3690,net.om
3691,net.pa
3692,net.pe
3693,net.ph
3694,net.pk
3695,net.pl
3696,net.pn
3697,net.pr
3698,net.ps
3699,net.pt
3700,net.py
3701,net.qa
3702,net.ru
3703,net.rw
3704,net.sa
3705,net.sb
3706,net.sc
3707,net.sd
3708,net.sg
3709,net.so
3710,net.st
3711,net.sy
3712,net.th
3713,net.tj
3714,net.tm
3715,net.tn
3716,net.tr
3717,net.tt
3718,net.tw
3719,net.ua
3720,net.uk
3721,net.uy
3722,net.vc
3723,net.ve
3724,net.vn
3725,net.vu
3726,net.ws
3727,net.za
3728,net.zm
3729,netbank
3730,netflix
3731,netlify.com
3732,network
3733,neustar
3734,new
3735,newholland
3736,newjersey.museum
3737,news
3738,news.hu
3739,next
3740,nextdirect
3741,nexus
3742,neyagawa.osaka.jp
3743,nf
3744,nf.ca
3745,nfl
3746,nflfan.org
3747,nfshost.com
3748,ng
3749,ngo
3750,ngo.ph
3751,ngo.za
3752,ngrok.io
3753,nh-serv.co.uk
3754,nh.us
3755,nhk
3756,nhlfan.net
3757,nhs.uk
3758,ni
3759,nic.in
3760,nic.tj
3761,nico
3762,niepce.museum
3763,nieruchomosci.pl
3764,niigata.jp
3765,niigata.niigata.jp
3766,niihama.ehime.jp
3767,niiza.saitama.jp
3768,nikaho.akita.jp
3769,nike
3770,nikolaev.ua
3771,nikon
3772,ninja
3773,ninohe.iwate.jp
3774,nis.za
3775,nishiaizu.fukushima.jp
3776,nishiawakura.okayama.jp
3777,nishigo.fukushima.jp
3778,nishihara.kumamoto.jp
3779,nishiizu.shizuoka.jp
3780,nishikatsura.yamanashi.jp
3781,nishinomiya.hyogo.jp
3782,nishinoomote.kagoshima.jp
3783,nishio.aichi.jp
3784,nissan
3785,nissay
3786,nissedal.no
3787,niteroi.br
3788,nittedal.no
3789,nj.us
3790,nl
3791,nl.ca
3792,nl.eu.org
3793,nl.no
3794,nm.cn
3795,nm.us
3796,no
3797,no-ip.biz
3798,no-ip.ca
3799,no-ip.co.uk
3800,no-ip.info
3801,no-ip.net
3802,no-ip.org
3803,no.com
3804,no.it
3805,nobeoka.miyazaki.jp
3806,noda.iwate.jp
3807,nodum.io
3808,nogi.tochigi.jp
3809,noho.st
3810,nohost.me
3811,noip.me
3812,noip.us
3813,nokia
3814,nom.ae
3815,nom.af
3816,nom.ai
3817,nom.al
3818,nom.br
3819,nom.cl
3820,nom.co
3821,nom.es
3822,nom.fr
3823,nom.gd
3824,nom.ge
3825,nom.gl
3826,nom.gt
3827,nom.hn
3828,nom.im
3829,nom.ke
3830,nom.li
3831,nom.mk
3832,nom.nu
3833,nom.pe
3834,nom.pl
3835,nom.pw
3836,nom.qa
3837,nom.ro
3838,nom.rs
3839,nom.si
3840,nom.st
3841,nom.tj
3842,nom.ug
3843,nom.uy
3844,nom.vc
3845,nom.vg
3846,nom.za
3847,nome.pt
3848,nomi.ishikawa.jp
3849,nordkapp.no
3850,northwesternmutual
3851,norton
3852,noshiro.akita.jp
3853,not.br
3854,notaires.fr
3855,noto.ishikawa.jp
3856,notodden.no
3857,nov.ru
3858,nov.su
3859,novara.it
3860,now
3861,now-dns.net
3862,now-dns.org
3863,now-dns.top
3864,now.sh
3865,nowaruda.pl
3866,nowruz
3867,nowtv
3868,nozawaonsen.nagano.jp
3869,np
3870,nr
3871,nra
3872,nrw
3873,ns.ca
3874,nsn.us
3875,nsupdate.info
3876,nsw.au
3877,nsw.edu.au
3878,nt.au
3879,nt.ca
3880,nt.edu.au
3881,nt.no
3882,nt.ro
3883,ntdll.top
3884,ntr.br
3885,ntt
3886,nu
3887,nu.ca
3888,nu.it
3889,nuernberg.museum
3890,null
3891,numata.gunma.jp
3892,numata.hokkaido.jp
3893,numazu.shizuoka.jp
3894,nuoro.it
3895,nuremberg.museum
3896,nv.us
3897,nx.cn
3898,ny.us
3899,nyc
3900,nyc.museum
3901,nym.by
3902,nym.bz
3903,nym.gr
3904,nym.gy
3905,nym.ie
3906,nym.kz
3907,nym.la
3908,nym.lc
3909,nym.li
3910,nym.lt
3911,nym.lu
3912,nym.me
3913,nym.mn
3914,nym.mx
3915,nym.nz
3916,nym.pe
3917,nym.pt
3918,nym.ro
3919,nym.sk
3920,nym.su
3921,nym.sx
3922,nym.tw
3923,nysa.pl
3924,nz
3925,nz.eu.org
3926,o.se
3927,obama.fukui.jp
3928,obanazawa.yamagata.jp
3929,obi
3930,obihiro.hokkaido.jp
3931,obninsk.su
3932,observer
3933,obu.aichi.jp
3934,obuse.nagano.jp
3935,od.ua
3936,odate.akita.jp
3937,odawara.kanagawa.jp
3938,odesa.ua
3939,odessa.ua
3940,odo.br
3941,of.by
3942,of.no
3943,off
3944,off.ai
3945,office
3946,office-on-the.net
3947,official.academy
3948,ofunato.iwate.jp
3949,og.ao
3950,og.it
3951,oga.akita.jp
3952,ogaki.gifu.jp
3953,ogano.saitama.jp
3954,ogliastra.it
3955,ogori.fukuoka.jp
3956,oguchi.aichi.jp
3957,oguni.kumamoto.jp
3958,oguni.yamagata.jp
3959,oh.us
3960,ohda.shimane.jp
3961,ohi.fukui.jp
3962,ohkura.yamagata.jp
3963,ohtawara.tochigi.jp
3964,oishida.yamagata.jp
3965,oiso.kanagawa.jp
3966,oita.jp
3967,oita.oita.jp
3968,oji.nara.jp
3969,ojiya.niigata.jp
3970,ok.us
3971,okayama.jp
3972,okayama.okayama.jp
3973,okazaki.aichi.jp
3974,okinawa
3975,okinawa.jp
3976,okinawa.okinawa.jp
3977,okinoshima.shimane.jp
3978,okuizumo.shimane.jp
3979,okuma.fukushima.jp
3980,okutama.tokyo.jp
3981,ol.no
3982,olawa.pl
3983,olbia-tempio.it
3984,olbiatempio.it
3985,olecko.pl
3986,olkusz.pl
3987,ollo
3988,olsztyn.pl
3989,om
3990,omachi.saga.jp
3991,ome.tokyo.jp
3992,omega
3993,omi.niigata.jp
3994,omihachiman.shiga.jp
3995,omuta.fukuoka.jp
3996,on-aptible.com
3997,on-the-web.tv
3998,on-web.fr
3999,on.ca
4000,onagawa.miyagi.jp
4001,one
4002,ong
4003,ong.br
4004,onion
4005,onjuku.chiba.jp
4006,onl
4007,online
4008,online.museum
4009,online.th
4010,onna.okinawa.jp
4011,ono.fukushima.jp
4012,ono.hyogo.jp
4013,onojo.fukuoka.jp
4014,onomichi.hiroshima.jp
4015,onthewifi.com
4016,onyourside
4017,ooguy.com
4018,ooo
4019,open
4020,opencraft.hosting
4021,operaunite.com
4022,opoczno.pl
4023,opole.pl
4024,or.at
4025,or.ci
4026,or.cr
4027,or.id
4028,or.it
4029,or.jp
4030,or.ke
4031,or.kr
4032,or.pw
4033,or.th
4034,or.tz
4035,or.ug
4036,or.us
4037,oracle
4038,orange
4039,oregon.museum
4040,oregontrail.museum
4041,org
4042,org.ac
4043,org.ae
4044,org.af
4045,org.ag
4046,org.ai
4047,org.al
4048,org.ar
4049,org.au
4050,org.az
4051,org.ba
4052,org.bb
4053,org.bh
4054,org.bi
4055,org.bm
4056,org.bn
4057,org.bo
4058,org.br
4059,org.bs
4060,org.bt
4061,org.bw
4062,org.bz
4063,org.ci
4064,org.cn
4065,org.co
4066,org.cu
4067,org.cy
4068,org.dm
4069,org.do
4070,org.dz
4071,org.ec
4072,org.ee
4073,org.eg
4074,org.es
4075,org.et
4076,org.ge
4077,org.gg
4078,org.gh
4079,org.gi
4080,org.gl
4081,org.gn
4082,org.gr
4083,org.gt
4084,org.gu
4085,org.gy
4086,org.hk
4087,org.hn
4088,org.ht
4089,org.hu
4090,org.il
4091,org.im
4092,org.in
4093,org.iq
4094,org.ir
4095,org.je
4096,org.jo
4097,org.kg
4098,org.ki
4099,org.kp
4100,org.kw
4101,org.ky
4102,org.kz
4103,org.la
4104,org.lb
4105,org.lc
4106,org.lk
4107,org.lr
4108,org.ls
4109,org.lv
4110,org.ly
4111,org.ma
4112,org.me
4113,org.mg
4114,org.mk
4115,org.ml
4116,org.mn
4117,org.mo
4118,org.mt
4119,org.mu
4120,org.mv
4121,org.mw
4122,org.mx
4123,org.my
4124,org.mz
4125,org.na
4126,org.ng
4127,org.ni
4128,org.nr
4129,org.nz
4130,org.om
4131,org.pa
4132,org.pe
4133,org.pf
4134,org.ph
4135,org.pk
4136,org.pl
4137,org.pr
4138,org.ps
4139,org.pt
4140,org.py
4141,org.qa
4142,org.ro
4143,org.rs
4144,org.ru
4145,org.sa
4146,org.sb
4147,org.sc
4148,org.sd
4149,org.se
4150,org.sg
4151,org.sl
4152,org.sn
4153,org.so
4154,org.st
4155,org.sv
4156,org.sy
4157,org.sz
4158,org.tm
4159,org.tn
4160,org.to
4161,org.tr
4162,org.tt
4163,org.tw
4164,org.ua
4165,org.ug
4166,org.uk
4167,org.uy
4168,org.uz
4169,org.ve
4170,org.vn
4171,org.vu
4172,org.ws
4173,org.za
4174,org.zm
4175,org.zw
4176,organic
4177,origins
4178,oristano.it
4179,orkdal.no
4180,orland.no
4181,osaka
4182,osaka.jp
4183,osakasayama.osaka.jp
4184,osaki.miyagi.jp
4185,osakikamijima.hiroshima.jp
4186,osasco.br
4187,osen.no
4188,oshino.yamanashi.jp
4189,oshu.iwate.jp
4190,oslo.no
4191,oss
4192,ostroda.pl
4193,ostroleka.pl
4194,ostrowiec.pl
4195,ostrowwlkp.pl
4196,ot.it
4197,ota.gunma.jp
4198,ota.tokyo.jp
4199,otago.museum
4200,otake.hiroshima.jp
4201,otaki.nagano.jp
4202,otama.fukushima.jp
4203,otari.nagano.jp
4204,otaru.hokkaido.jp
4205,oto.fukuoka.jp
4206,otofuke.hokkaido.jp
4207,otoineppu.hokkaido.jp
4208,otsu.shiga.jp
4209,otsuchi.iwate.jp
4210,otsuka
4211,ott
4212,oumu.hokkaido.jp
4213,outsystemscloud.com
4214,ovh
4215,ownip.net
4216,ownprovider.com
4217,oy.lc
4218,oyabe.toyama.jp
4219,oyama.tochigi.jp
4220,oyamazaki.kyoto.jp
4221,oyer.no
4222,oygarden.no
4223,oz
4224,oz.au
4225,ozu.ehime.jp
4226,p.bg
4227,p.se
4228,pa
4229,pa.gov.br
4230,pa.gov.pl
4231,pa.it
4232,pa.leg.br
4233,pa.us
4234,padova.it
4235,page
4236,palermo.it
4237,palmas.br
4238,panasonic
4239,pantheonsite.io
4240,paris
4241,parliament.cy
4242,parliament.nz
4243,parma.it
4244,pars
4245,partners
4246,parts
4247,party
4248,passagens
4249,pavia.it
4250,pay
4251,pb.gov.br
4252,pb.leg.br
4253,pc.it
4254,pc.pl
4255,pccw
4256,pcloud.host
4257,pd.it
4258,pe
4259,pe.ca
4260,pe.gov.br
4261,pe.it
4262,pe.kr
4263,pe.leg.br
4264,penza.su
4265,per.la
4266,per.sg
4267,perugia.it
4268,pesaro-urbino.it
4269,pesarourbino.it
4270,pescara.it
4271,pet
4272,pf
4273,pg
4274,pg.it
4275,pgafan.net
4276,ph
4277,pharmacien.fr
4278,pharmacy
4279,phd
4280,philips
4281,phone
4282,photo
4283,photography
4284,photography.museum
4285,photos
4286,physio
4287,pi.gov.br
4288,pi.it
4289,pi.leg.br
4290,piacenza.it
4291,pics
4292,pictet
4293,pictures
4294,pid
4295,piemonte.it
4296,pila.pl
4297,pimienta.org
4298,pin
4299,pinb.gov.pl
4300,ping
4301,pink
4302,pioneer
4303,pippu.hokkaido.jp
4304,pisa.it
4305,pistoia.it
4306,pisz.pl
4307,piw.gov.pl
4308,pixolino.com
4309,pizza
4310,pk
4311,pl
4312,pl.eu.org
4313,pl.ua
4314,place
4315,platform.sh
4316,platformsh.site
4317,play
4318,playstation
4319,plc.uk
4320,plo.ps
4321,plumbing
4322,plus
4323,pm
4324,pmn.it
4325,pn
4326,pn.it
4327,pnc
4328,po.gov.pl
4329,po.it
4330,poa.br
4331,podhale.pl
4332,podlasie.pl
4333,podzone.net
4334,podzone.org
4335,point2this.com
4336,pointto.us
4337,poivron.org
4338,poker
4339,pol.tr
4340,police.uk
4341,polkowice.pl
4342,poltava.ua
4343,pomorskie.pl
4344,pomorze.pl
4345,poniatowa.pl
4346,ponpes.id
4347,pordenone.it
4348,porn
4349,port.fr
4350,post
4351,potager.org
4352,potenza.it
4353,powiat.pl
4354,poznan.pl
4355,pp.ru
4356,pp.se
4357,pp.ua
4358,ppg.br
4359,pr
4360,pr.gov.br
4361,pr.it
4362,pr.leg.br
4363,pr.us
4364,prato.it
4365,praxi
4366,prd.fr
4367,prd.mg
4368,press
4369,press.ma
4370,press.se
4371,presse.fr
4372,presse.ml
4373,pri.ee
4374,prime
4375,priv.at
4376,priv.hu
4377,priv.no
4378,priv.pl
4379,privatizehealthinsurance.net
4380,pro
4381,pro.br
4382,pro.cy
4383,pro.ec
4384,pro.vn
4385,prochowice.pl
4386,prod
4387,productions
4388,prof
4389,progressive
4390,promo
4391,properties
4392,property
4393,protection
4394,pru
4395,prudential
4396,pruszkow.pl
4397,przeworsk.pl
4398,ps
4399,psc.br
4400,psi.br
4401,psp.gov.pl
4402,psse.gov.pl
4403,pt
4404,pt.eu.org
4405,pt.it
4406,pu.it
4407,pub
4408,pub.sa
4409,publ.pt
4410,public.museum
4411,puglia.it
4412,pulawy.pl
4413,pup.gov.pl
4414,pv.it
4415,pvh.br
4416,pvt.ge
4417,pvt.k12.ma.us
4418,pw
4419,pwc
4420,py
4421,pyatigorsk.ru
4422,pz.it
4423,qa
4424,qa2.com
4425,qc.ca
4426,qc.com
4427,qh.cn
4428,qld.au
4429,qld.edu.au
4430,qld.gov.au
4431,qpon
4432,qsl.br
4433,quebec
4434,quebec.museum
4435,quest
4436,quicksytes.com
4437,quipelements.com
4438,qvc
4439,r.bg
4440,r.cdn77.net
4441,r.se
4442,ra.it
4443,racing
4444,rackmaze.com
4445,rackmaze.net
4446,radio
4447,radio.br
4448,radom.pl
4449,ragusa.it
4450,raid
4451,railway.museum
4452,rakkestad.no
4453,ras.ru
4454,ravendb.community
4455,ravenna.it
4456,rawa-maz.pl
4457,rc.it
4458,re
4459,re.it
4460,re.kr
4461,read
4462,read-books.org
4463,readmyblog.org
4464,readthedocs.io
4465,realestate
4466,realestate.pl
4467,realm.cz
4468,realtor
4469,realty
4470,rebun.hokkaido.jp
4471,rec.br
4472,rec.co
4473,rec.ro
4474,recife.br
4475,recipes
4476,red
4477,red.sv
4478,redirectme.net
4479,redstone
4480,redumbrella
4481,reggio-calabria.it
4482,reggio-emilia.it
4483,reggiocalabria.it
4484,reggioemilia.it
4485,rehab
4486,reise
4487,reisen
4488,reit
4489,reklam.hu
4490,rel.pl
4491,reliance
4492,remotewd.com
4493,ren
4494,rennebu.no
4495,rent
4496,rentals
4497,rep.kp
4498,repair
4499,report
4500,republican
4501,res.in
4502,resindevice.io
4503,rest
4504,restaurant
4505,review
4506,reviews
4507,revista.bo
4508,rexroth
4509,rg.it
4510,rhcloud.com
4511,ri.it
4512,ri.us
4513,ribeirao.br
4514,rich
4515,richardli
4516,ricoh
4517,rieti.it
4518,rifu.miyagi.jp
4519,riik.ee
4520,rikuzentakata.iwate.jp
4521,ril
4522,rimini.it
4523,ringerike.no
4524,rio
4525,rio.br
4526,riobranco.br
4527,riopreto.br
4528,rip
4529,rishirifuji.hokkaido.jp
4530,rivne.ua
4531,rj.gov.br
4532,rj.leg.br
4533,rl.no
4534,rm.it
4535,rmit
4536,rn.gov.br
4537,rn.it
4538,rn.leg.br
4539,rnrt.tn
4540,rns.tn
4541,rnu.tn
4542,ro
4543,ro.gov.br
4544,ro.im
4545,ro.it
4546,ro.leg.br
4547,roan.no
4548,rocher
4549,rocks
4550,rodeo
4551,rogers
4552,roma.it
4553,roma.museum
4554,rome.it
4555,room
4556,roros.no
4557,rovigo.it
4558,rovno.ua
4559,rr.gov.br
4560,rr.leg.br
4561,rs
4562,rs.gov.br
4563,rs.leg.br
4564,rsc.cdn77.org
4565,rsvp
4566,ru
4567,ru.com
4568,ru.eu.org
4569,ru.net
4570,rugby
4571,ruhr
4572,run
4573,run.app
4574,rv.ua
4575,rw
4576,rwe
4577,rybnik.pl
4578,rygge.no
4579,ryukyu
4580,ryuoh.shiga.jp
4581,rzeszow.pl
4582,rzgw.gov.pl
4583,s.bg
4584,s.se
4585,s3-ap-northeast-1.amazonaws.com
4586,s3-ap-northeast-2.amazonaws.com
4587,s3-ap-south-1.amazonaws.com
4588,s3-ap-southeast-1.amazonaws.com
4589,s3-ap-southeast-2.amazonaws.com
4590,s3-ca-central-1.amazonaws.com
4591,s3-eu-central-1.amazonaws.com
4592,s3-eu-west-1.amazonaws.com
4593,s3-eu-west-2.amazonaws.com
4594,s3-eu-west-3.amazonaws.com
4595,s3-external-1.amazonaws.com
4596,s3-fips-us-gov-west-1.amazonaws.com
4597,s3-sa-east-1.amazonaws.com
4598,s3-us-east-2.amazonaws.com
4599,s3-us-gov-west-1.amazonaws.com
4600,s3-us-west-1.amazonaws.com
4601,s3-us-west-2.amazonaws.com
4602,s3-website-ap-northeast-1.amazonaws.com
4603,s3-website-ap-southeast-1.amazonaws.com
4604,s3-website-ap-southeast-2.amazonaws.com
4605,s3-website-eu-west-1.amazonaws.com
4606,s3-website-sa-east-1.amazonaws.com
4607,s3-website-us-east-1.amazonaws.com
4608,s3-website-us-west-1.amazonaws.com
4609,s3-website-us-west-2.amazonaws.com
4610,s3-website.ap-northeast-2.amazonaws.com
4611,s3-website.ap-south-1.amazonaws.com
4612,s3-website.ca-central-1.amazonaws.com
4613,s3-website.eu-central-1.amazonaws.com
4614,s3-website.eu-west-2.amazonaws.com
4615,s3-website.eu-west-3.amazonaws.com
4616,s3-website.us-east-2.amazonaws.com
4617,s3.amazonaws.com
4618,s3.ap-northeast-2.amazonaws.com
4619,s3.ap-south-1.amazonaws.com
4620,s3.ca-central-1.amazonaws.com
4621,s3.cn-north-1.amazonaws.com.cn
4622,s3.dualstack.ap-northeast-1.amazonaws.com
4623,s3.dualstack.ap-northeast-2.amazonaws.com
4624,s3.dualstack.ap-south-1.amazonaws.com
4625,s3.dualstack.ap-southeast-1.amazonaws.com
4626,s3.dualstack.ap-southeast-2.amazonaws.com
4627,s3.dualstack.ca-central-1.amazonaws.com
4628,s3.dualstack.eu-central-1.amazonaws.com
4629,s3.dualstack.eu-west-1.amazonaws.com
4630,s3.dualstack.eu-west-2.amazonaws.com
4631,s3.dualstack.eu-west-3.amazonaws.com
4632,s3.dualstack.sa-east-1.amazonaws.com
4633,s3.dualstack.us-east-1.amazonaws.com
4634,s3.dualstack.us-east-2.amazonaws.com
4635,s3.eu-central-1.amazonaws.com
4636,s3.eu-west-2.amazonaws.com
4637,s3.eu-west-3.amazonaws.com
4638,s3.us-east-2.amazonaws.com
4639,s5y.io
4640,sa
4641,sa-east-1.elasticbeanstalk.com
4642,sa.au
4643,sa.com
4644,sa.cr
4645,sa.edu.au
4646,sa.gov.au
4647,sa.gov.pl
4648,sa.it
4649,saarland
4650,sabae.fukui.jp
4651,sado.niigata.jp
4652,safe
4653,safety
4654,saga.jp
4655,saga.saga.jp
4656,sagamihara.kanagawa.jp
4657,saijo.ehime.jp
4658,saikai.nagasaki.jp
4659,saiki.oita.jp
4660,saitama.jp
4661,saitama.saitama.jp
4662,sakae.chiba.jp
4663,sakai.osaka.jp
4664,sakaiminato.tottori.jp
4665,sakata.yamagata.jp
4666,saku.nagano.jp
4667,sakura
4668,sale
4669,salerno.it
4670,salon
4671,salvador.br
4672,salvadordali.museum
4673,salzburg.museum
4674,samnanger.no
4675,sampa.br
4676,samsung
4677,samukawa.kanagawa.jp
4678,sanda.hyogo.jp
4679,sandcats.io
4680,sandiego.museum
4681,sandnes.no
4682,sandvik
4683,sandvikcoromant
4684,sango.nara.jp
4685,sanjo.niigata.jp
4686,sanofi
4687,sanok.pl
4688,santamaria.br
4689,santoandre.br
4690,sanuki.kagawa.jp
4691,saotome.st
4692,sap
4693,sapporo.jp
4694,sardegna.it
4695,sardinia.it
4696,sarl
4697,sarpsborg.no
4698,sarufutsu.hokkaido.jp
4699,sas
4700,sasaguri.fukuoka.jp
4701,sasayama.hyogo.jp
4702,sasebo.nagasaki.jp
4703,sassari.it
4704,satosho.okayama.jp
4705,save
4706,saves-the-whales.com
4707,savona.it
4708,saxo
4709,sayama.saitama.jp
4710,sayo.hyogo.jp
4711,sb
4712,sbi
4713,sbs
4714,sc
4715,sc.cn
4716,sc.gov.br
4717,sc.ke
4718,sc.kr
4719,sc.leg.br
4720,sc.tz
4721,sc.ug
4722,sc.us
4723,sca
4724,scapp.io
4725,scb
4726,sch.ae
4727,sch.id
4728,sch.ir
4729,sch.lk
4730,sch.ng
4731,sch.qa
4732,sch.sa
4733,sch.uk
4734,sch.zm
4735,schaeffler
4736,schmidt
4737,scholarships
4738,school
4739,school.na
4740,school.nz
4741,school.za
4742,schule
4743,schwarz
4744,sci.eg
4745,science
4746,science.museum
4747,sciencecenter.museum
4748,scjohnson
4749,scor
4750,scot
4751,scrapper-site.net
4752,scrapping.cc
4753,sd
4754,sd.cn
4755,sd.us
4756,sdn.gov.pl
4757,se
4758,se.eu.org
4759,se.gov.br
4760,se.leg.br
4761,se.net
4762,search
4763,seat
4764,sebastopol.ua
4765,sec.ps
4766,secure
4767,security
4768,securitytactics.com
4769,seek
4770,seika.kyoto.jp
4771,seiro.niigata.jp
4772,seiyo.ehime.jp
4773,sejny.pl
4774,seki.gifu.jp
4775,sel.no
4776,select
4777,selfip.biz
4778,selfip.com
4779,selfip.info
4780,selfip.net
4781,selfip.org
4782,selje.no
4783,sells-for-less.com
4784,sells-it.net
4785,sellsyourhome.org
4786,semboku.akita.jp
4787,sendai.jp
4788,sener
4789,sennan.osaka.jp
4790,sensiosite.cloud
4791,seoul.kr
4792,servebbs.com
4793,servebbs.net
4794,servebbs.org
4795,servebeer.com
4796,serveblog.net
4797,servecounterstrike.com
4798,serveexchange.com
4799,serveftp.com
4800,serveftp.net
4801,serveftp.org
4802,servegame.com
4803,servegame.org
4804,servehalflife.com
4805,servehttp.com
4806,servehumour.com
4807,serveirc.com
4808,serveminecraft.net
4809,servemp3.com
4810,servep2p.com
4811,servepics.com
4812,servequake.com
4813,servesarcasm.com
4814,service.gov.uk
4815,services
4816,services.aero
4817,ses
4818,setagaya.tokyo.jp
4819,seto.aichi.jp
4820,seven
4821,sew
4822,sex
4823,sex.hu
4824,sex.pl
4825,sexy
4826,sf.no
4827,sfr
4828,sg
4829,sh
4830,sh.cn
4831,shacknet.nu
4832,shangrila
4833,sharp
4834,shaw
4835,shell
4836,shell.museum
4837,shia
4838,shibata.miyagi.jp
4839,shibata.niigata.jp
4840,shibecha.hokkaido.jp
4841,shibukawa.gunma.jp
4842,shibuya.tokyo.jp
4843,shichikashuku.miyagi.jp
4844,shichinohe.aomori.jp
4845,shiga.jp
4846,shiiba.miyazaki.jp
4847,shijonawate.osaka.jp
4848,shikabe.hokkaido.jp
4849,shiksha
4850,shima.mie.jp
4851,shimada.shizuoka.jp
4852,shimamaki.hokkaido.jp
4853,shimane.jp
4854,shimizu.hokkaido.jp
4855,shimodate.ibaraki.jp
4856,shimogo.fukushima.jp
4857,shimoichi.nara.jp
4858,shimoji.okinawa.jp
4859,shimokitayama.nara.jp
4860,shimonoseki.yamaguchi.jp
4861,shimosuwa.nagano.jp
4862,shimotsuma.ibaraki.jp
4863,shinagawa.tokyo.jp
4864,shingo.aomori.jp
4865,shingu.fukuoka.jp
4866,shingu.hyogo.jp
4867,shingu.wakayama.jp
4868,shinjuku.tokyo.jp
4869,shinkamigoto.nagasaki.jp
4870,shinonsen.hyogo.jp
4871,shinshiro.aichi.jp
4872,shiogama.miyagi.jp
4873,shiojiri.nagano.jp
4874,shirahama.wakayama.jp
4875,shirakawa.fukushima.jp
4876,shirakawa.gifu.jp
4877,shiraoi.hokkaido.jp
4878,shirataka.yamagata.jp
4879,shiroi.chiba.jp
4880,shitara.aichi.jp
4881,shiwa.iwate.jp
4882,shizukuishi.iwate.jp
4883,shizuoka.jp
4884,shizuoka.shizuoka.jp
4885,shobara.hiroshima.jp
4886,shoes
4887,shonai.yamagata.jp
4888,shop
4889,shop.hu
4890,shop.pl
4891,shop.ro
4892,shopping
4893,shouji
4894,show
4895,showtime
4896,shriram
4897,si
4898,si.eu.org
4899,si.it
4900,sic.it
4901,sicilia.it
4902,sicily.it
4903,siena.it
4904,sigdal.no
4905,siljan.no
4906,silk
4907,simple-url.com
4908,sina
4909,sinaapp.com
4910,singles
4911,siracusa.it
4912,site
4913,siteleaf.net
4914,sj
4915,sjc.br
4916,sk
4917,sk.ca
4918,ski
4919,ski.museum
4920,ski.no
4921,skien.no
4922,skin
4923,skjak.no
4924,sklep.pl
4925,sko.gov.pl
4926,skoczow.pl
4927,sky
4928,skype
4929,sl
4930,slask.pl
4931,sld.do
4932,sld.pa
4933,sling
4934,slupsk.pl
4935,slz.br
4936,sm
4937,sm.ua
4938,smart
4939,smile
4940,sn
4941,sn.cn
4942,snasa.no
4943,sncf
4944,so
4945,so.gov.pl
4946,so.it
4947,sobetsu.hokkaido.jp
4948,soc.lk
4949,soccer
4950,sochi.su
4951,social
4952,softbank
4953,software
4954,sohu
4955,soja.okayama.jp
4956,soka.saitama.jp
4957,sokndal.no
4958,solar
4959,solutions
4960,soma.fukushima.jp
4961,sondrio.it
4962,song
4963,sony
4964,sopot.pl
4965,sor-fron.no
4966,sorocaba.br
4967,sos.pl
4968,sosnowiec.pl
4969,soundcast.me
4970,southcarolina.museum
4971,sowa.ibaraki.jp
4972,soy
4973,sp.gov.br
4974,sp.it
4975,sp.leg.br
4976,space
4977,space-to-rent.com
4978,space.museum
4979,spb.ru
4980,spb.su
4981,spdns.de
4982,spdns.eu
4983,spdns.org
4984,spectrum.myjino.ru
4985,spiegel
4986,sport
4987,sport.hu
4988,spot
4989,spreadbetting
4990,spydeberg.no
4991,square7.ch
4992,square7.de
4993,square7.net
4994,sr
4995,sr.gov.pl
4996,sr.it
4997,srl
4998,srt
4999,srv.br
5000,ss.it
5001,ssl.origin.cdn77-secure.org
5002,st
5003,st.no
5004,stada
5005,stalowa-wola.pl
5006,staples
5007,star
5008,starachowice.pl
5009,stargard.pl
5010,starhub
5011,starostwo.gov.pl
5012,stat.no
5013,statebank
5014,statefarm
5015,static-access.net
5016,station.museum
5017,statoil
5018,stavanger.no
5019,stc
5020,steinkjer.no
5021,stockholm
5022,storage
5023,stord.no
5024,store
5025,store.dk
5026,store.ro
5027,store.st
5028,stream
5029,studio
5030,study
5031,stuff-4-sale.org
5032,stuff-4-sale.us
5033,stufftoread.com
5034,style
5035,su
5036,sucks
5037,sue.fukuoka.jp
5038,suedtirol.it
5039,suginami.tokyo.jp
5040,sugito.saitama.jp
5041,suita.osaka.jp
5042,sukagawa.fukushima.jp
5043,sukumo.kochi.jp
5044,sula.no
5045,suli.hu
5046,sumida.tokyo.jp
5047,sumita.iwate.jp
5048,sumoto.hyogo.jp
5049,sumy.ua
5050,sunagawa.hokkaido.jp
5051,supplies
5052,supply
5053,support
5054,surf
5055,surgery
5056,susaki.kochi.jp
5057,susono.shizuoka.jp
5058,suwa.nagano.jp
5059,suwalki.pl
5060,suzaka.nagano.jp
5061,suzu.ishikawa.jp
5062,suzuki
5063,sv
5064,sv.it
5065,svalbard.no
5066,swatch
5067,sweetpepper.org
5068,swidnica.pl
5069,swidnik.pl
5070,swiebodzin.pl
5071,swinoujscie.pl
5072,swiss
5073,sx
5074,sx.cn
5075,sy
5076,sydney
5077,symantec
5078,syno-ds.de
5079,synology-diskstation.de
5080,synology-ds.de
5081,synology.me
5082,systems
5083,sytes.net
5084,sz
5085,szczecin.pl
5086,szczytno.pl
5087,szex.hu
5088,szkola.pl
5089,t.bg
5090,t.se
5091,t3l3p0rt.net
5092,ta.it
5093,taa.it
5094,tab
5095,tadaoka.osaka.jp
5096,tadotsu.kagawa.jp
5097,tagami.niigata.jp
5098,tagawa.fukuoka.jp
5099,taifun-dns.de
5100,taiji.wakayama.jp
5101,taiki.hokkaido.jp
5102,tainai.niigata.jp
5103,taipei
5104,taira.toyama.jp
5105,taishi.hyogo.jp
5106,taito.tokyo.jp
5107,taiwa.miyagi.jp
5108,tajimi.gifu.jp
5109,tajiri.osaka.jp
5110,takahama.aichi.jp
5111,takahama.fukui.jp
5112,takaharu.miyazaki.jp
5113,takahata.yamagata.jp
5114,takamatsu.kagawa.jp
5115,takamori.nagano.jp
5116,takanezawa.tochigi.jp
5117,takarazuka.hyogo.jp
5118,takasago.hyogo.jp
5119,takasaki.gunma.jp
5120,takashima.shiga.jp
5121,takasu.hokkaido.jp
5122,takatori.nara.jp
5123,takatsuki.osaka.jp
5124,takayama.gifu.jp
5125,takayama.gunma.jp
5126,takayama.nagano.jp
5127,takehara.hiroshima.jp
5128,taketa.oita.jp
5129,taki.mie.jp
5130,takikawa.hokkaido.jp
5131,takko.aomori.jp
5132,talk
5133,tamba.hyogo.jp
5134,tana.no
5135,tanabe.kyoto.jp
5136,tanabe.wakayama.jp
5137,tanohata.iwate.jp
5138,taobao
5139,tarama.okinawa.jp
5140,taranto.it
5141,target
5142,targi.pl
5143,tarnobrzeg.pl
5144,tarumizu.kagoshima.jp
5145,tas.au
5146,tas.edu.au
5147,tas.gov.au
5148,tashkent.su
5149,tatamotors
5150,tatar
5151,tatebayashi.gunma.jp
5152,tateyama.chiba.jp
5153,tatsuno.nagano.jp
5154,tattoo
5155,tax
5156,taxi
5157,taxi.br
5158,tc
5159,tci
5160,tcp4.me
5161,td
5162,tdk
5163,te.it
5164,te.ua
5165,teaches-yoga.com
5166,team
5167,tec.ve
5168,tech
5169,technology
5170,tel
5171,telefonica
5172,temasek
5173,temp-dns.com
5174,tendo.yamagata.jp
5175,tennis
5176,teo.br
5177,teramo.it
5178,termez.su
5179,terni.it
5180,ternopil.ua
5181,test-iserv.de
5182,test.ru
5183,teva
5184,tf
5185,tg
5186,tgory.pl
5187,th
5188,thd
5189,the.br
5190,theater
5191,theatre
5192,theworkpc.com
5193,thruhere.net
5194,tiaa
5195,tickets
5196,tienda
5197,tiffany
5198,time.no
5199,tips
5200,tires
5201,tirol
5202,tj
5203,tj.cn
5204,tjome.no
5205,tjx
5206,tk
5207,tksat.bo
5208,tl
5209,tm
5210,tm.fr
5211,tm.hu
5212,tm.mc
5213,tm.no
5214,tm.pl
5215,tm.ro
5216,tm.se
5217,tm.za
5218,tmall
5219,tmp.br
5220,tn
5221,tn.it
5222,tn.us
5223,to
5224,to.gov.br
5225,to.it
5226,to.leg.br
5227,toba.mie.jp
5228,tobe.ehime.jp
5229,tobetsu.hokkaido.jp
5230,tobishima.aichi.jp
5231,tochigi.jp
5232,tochigi.tochigi.jp
5233,toda.saitama.jp
5234,today
5235,togane.chiba.jp
5236,togitsu.nagasaki.jp
5237,togliatti.su
5238,togo.aichi.jp
5239,tokai.aichi.jp
5240,tokai.ibaraki.jp
5241,tokamachi.niigata.jp
5242,toki.gifu.jp
5243,tokushima.jp
5244,tokushima.tokushima.jp
5245,tokyo
5246,tokyo.jp
5247,tomakomai.hokkaido.jp
5248,tome.miyagi.jp
5249,tomi.nagano.jp
5250,tomika.gifu.jp
5251,tomiya.miyagi.jp
5252,tonami.toyama.jp
5253,tone.ibaraki.jp
5254,tonosho.kagawa.jp
5255,tools
5256,top
5257,toray
5258,toride.ibaraki.jp
5259,torino.it
5260,tos.it
5261,tosa.kochi.jp
5262,toscana.it
5263,toshima.tokyo.jp
5264,total
5265,tottori.jp
5266,tottori.tottori.jp
5267,tourism.pl
5268,tourism.tn
5269,tours
5270,towada.aomori.jp
5271,town
5272,townnews-staging.com
5273,toya.hokkaido.jp
5274,toyako.hokkaido.jp
5275,toyama.jp
5276,toyama.toyama.jp
5277,toyo.kochi.jp
5278,toyoake.aichi.jp
5279,toyohashi.aichi.jp
5280,toyokawa.aichi.jp
5281,toyonaka.osaka.jp
5282,toyone.aichi.jp
5283,toyono.osaka.jp
5284,toyooka.hyogo.jp
5285,toyota
5286,toyota.aichi.jp
5287,toyotsu.fukuoka.jp
5288,toys
5289,tozawa.yamagata.jp
5290,tozsde.hu
5291,tp.it
5292,tr
5293,tr.it
5294,tr.no
5295,trade
5296,trading
5297,traeumtgerade.de
5298,trafficplex.cloud
5299,training
5300,transurl.nl
5301,trapani.it
5302,travel
5303,travel.pl
5304,travelchannel
5305,travelers
5306,travelersinsurance
5307,trd.br
5308,trentino.it
5309,trentinoaltoadige.it
5310,trento.it
5311,treviso.it
5312,trieste.it
5313,triton.zone
5314,tromso.no
5315,trondheim.no
5316,trust
5317,trust.museum
5318,trv
5319,trysil.no
5320,ts.it
5321,tsu.mie.jp
5322,tsubame.niigata.jp
5323,tsubata.ishikawa.jp
5324,tsubetsu.hokkaido.jp
5325,tsuiki.fukuoka.jp
5326,tsukuba.ibaraki.jp
5327,tsumagoi.gunma.jp
5328,tsunan.niigata.jp
5329,tsuruga.fukui.jp
5330,tsurugi.ishikawa.jp
5331,tsuruoka.yamagata.jp
5332,tsushima.aichi.jp
5333,tsushima.nagasaki.jp
5334,tsuwano.shimane.jp
5335,tt
5336,tube
5337,tui
5338,tula.su
5339,tumblr.com
5340,tunes
5341,tunk.org
5342,tur.ar
5343,tur.br
5344,turek.pl
5345,turen.tn
5346,turin.it
5347,turystyka.pl
5348,tuscany.it
5349,tushu
5350,tuva.su
5351,tuxfamily.org
5352,tv
5353,tv.bo
5354,tv.br
5355,tv.it
5356,tv.tr
5357,tv.tz
5358,tvedestrand.no
5359,tvs
5360,tw
5361,tw.cn
5362,twmail.cc
5363,twmail.net
5364,twmail.org
5365,tx.us
5366,tychy.pl
5367,tz
5368,u.se
5369,u2.xnbay.com
5370,ua
5371,ubank
5372,ube.yamaguchi.jp
5373,uber.space
5374,uberspace.de
5375,ubs
5376,uconnect
5377,ud.it
5378,uda.nara.jp
5379,udi.br
5380,udine.it
5381,ueda.nagano.jp
5382,ufcfan.org
5383,ug
5384,ug.gov.pl
5385,ugim.gov.pl
5386,uji.kyoto.jp
5387,uk
5388,uk.com
5389,uk.eu.org
5390,uk.net
5391,ukiha.fukuoka.jp
5392,ulsan.kr
5393,um.gov.pl
5394,umbria.it
5395,unicom
5396,univ.sn
5397,university
5398,unnan.shimane.jp
5399,uno
5400,unusualperson.com
5401,unzen.nagasaki.jp
5402,uol
5403,uonuma.niigata.jp
5404,uozu.toyama.jp
5405,upow.gov.pl
5406,uppo.gov.pl
5407,ups
5408,urakawa.hokkaido.jp
5409,urawa.saitama.jp
5410,urayasu.chiba.jp
5411,url.tw
5412,uruma.okinawa.jp
5413,us
5414,us-2.evennode.com
5415,us-3.evennode.com
5416,us-east-1.amazonaws.com
5417,us-east-1.elasticbeanstalk.com
5418,us-east-2.elasticbeanstalk.com
5419,us-gov-west-1.elasticbeanstalk.com
5420,us-west-1.elasticbeanstalk.com
5421,us-west-2.elasticbeanstalk.com
5422,us.com
5423,us.eu.org
5424,us.org
5425,usa.oita.jp
5426,user.party.eus
5427,ustka.pl
5428,usuki.oita.jp
5429,ut.us
5430,utazas.hu
5431,utazu.kagawa.jp
5432,utwente.io
5433,uw.gov.pl
5434,uwajima.ehime.jp
5435,uy
5436,uy.com
5437,uz
5438,uz.ua
5439,uzhgorod.ua
5440,uzs.gov.pl
5441,v-info.info
5442,v.bg
5443,va
5444,va.it
5445,va.no
5446,va.us
5447,vacations
5448,vaksdal.no
5449,valledaosta.it
5450,valley.museum
5451,vana
5452,vanguard
5453,vao.it
5454,vapor.cloud
5455,vardo.no
5456,varese.it
5457,vb.it
5458,vc
5459,vc.it
5460,vda.it
5461,ve
5462,ve.it
5463,vegas
5464,ven.it
5465,veneto.it
5466,venezia.it
5467,venice.it
5468,ventures
5469,verbania.it
5470,vercelli.it
5471,verisign
5472,verona.it
5473,versicherung
5474,vet
5475,vet.br
5476,veterinaire.fr
5477,vf.no
5478,vg
5479,vgs.no
5480,vi
5481,vi.it
5482,vi.us
5483,viajes
5484,vibovalentia.it
5485,vic.au
5486,vic.edu.au
5487,vic.gov.au
5488,vicenza.it
5489,video
5490,video.hu
5491,vig
5492,vik.no
5493,viking
5494,villas
5495,vin
5496,vinnica.ua
5497,vip
5498,vipsinaapp.com
5499,virgin
5500,virtual.museum
5501,virtualuser.de
5502,visa
5503,vision
5504,vistaprint
5505,viterbo.it
5506,viva
5507,vivo
5508,vix.br
5509,vlaanderen
5510,vladikavkaz.ru
5511,vladimir.ru
5512,vladimir.su
5513,vlog.br
5514,vm.bytemark.co.uk
5515,vn
5516,vn.ua
5517,vodka
5518,volkswagen
5519,volvo
5520,volyn.ua
5521,vote
5522,voting
5523,voto
5524,voyage
5525,vpndns.net
5526,vpnplus.to
5527,vps.myjino.ru
5528,vr.it
5529,vs.it
5530,vt.it
5531,vt.us
5532,vu
5533,vuelos
5534,vv.it
5535,w.bg
5536,w.se
5537,wa.au
5538,wa.edu.au
5539,wa.gov.au
5540,wa.us
5541,wajima.ishikawa.jp
5542,wakasa.tottori.jp
5543,wakayama.jp
5544,wakayama.wakayama.jp
5545,wakkanai.hokkaido.jp
5546,walbrzych.pl
5547,wales
5548,wales.museum
5549,wallonie.museum
5550,walmart
5551,walter
5552,wang
5553,wanggou
5554,war.museum
5555,warabi.saitama.jp
5556,warman
5557,warmia.pl
5558,warszawa.pl
5559,washingtondc.museum
5560,wassamu.hokkaido.jp
5561,watari.miyagi.jp
5562,watch
5563,watches
5564,waw.pl
5565,we.bs
5566,weather
5567,web.bo
5568,web.co
5569,web.do
5570,web.id
5571,web.lk
5572,web.pk
5573,web.tj
5574,web.tr
5575,web.ve
5576,web.za
5577,webcam
5578,weber
5579,webhop.biz
5580,webhop.info
5581,webhop.me
5582,webhop.net
5583,webhop.org
5584,webhosting.be
5585,webredirect.org
5586,website
5587,webspace.rocks
5588,wed
5589,wedding
5590,wedeploy.io
5591,wegrow.pl
5592,weibo
5593,weir
5594,wellbeingzone.co.uk
5595,wf
5596,whoswho
5597,wi.us
5598,wielun.pl
5599,wien
5600,wif.gov.pl
5601,wiih.gov.pl
5602,wiki
5603,wiki.br
5604,williamhill
5605,win
5606,windows
5607,wine
5608,wios.gov.pl
5609,witd.gov.pl
5610,withgoogle.com
5611,withyoutube.com
5612,wiw.gov.pl
5613,wixsite.com
5614,wlocl.pl
5615,wloclawek.pl
5616,wme
5617,wmflabs.org
5618,wodzislaw.pl
5619,wolomin.pl
5620,wolterskluwer
5621,woodside
5622,work
5623,workisboring.com
5624,works
5625,world
5626,worse-than.tv
5627,wow
5628,wpcomstaging.com
5629,wpdevcloud.com
5630,writesthisblog.com
5631,wroc.pl
5632,wroclaw.pl
5633,ws
5634,wsa.gov.pl
5635,wtc
5636,wtf
5637,wuoz.gov.pl
5638,wv.us
5639,www.ro
5640,wy.us
5641,x.se
5642,x443.pw
5643,xbox
5644,xen.prgmr.com
5645,xenapponazure.com
5646,xerox
5647,xfinity
5648,xihuan
5649,xin
5650,xj.cn
5651,xn--11b4c3d
5652,xn--12co0c3b4eva.xn--o3cw4h
5653,xn--1ck2e1b
5654,xn--1qqw23a
5655,xn--30rr7y
5656,xn--3bst00m
5657,xn--3ds443g
5658,xn--3e0b707e
5659,xn--3oq18vl8pn36a
5660,xn--3pxu8k
5661,xn--42c2d9a
5662,xn--45brj9c
5663,xn--45q11c
5664,xn--4gbrim
5665,xn--54b7fta0cc
5666,xn--55qw42g
5667,xn--55qx5d
5668,xn--55qx5d.hk
5669,xn--55qx5d.xn--j6w193g
5670,xn--5su34j936bgsg
5671,xn--5tzm5g
5672,xn--6frz82g
5673,xn--6qq986b3xl
5674,xn--7t0a264c.jp
5675,xn--80adxhks
5676,xn--80ao21a
5677,xn--80asehdb
5678,xn--80aswg
5679,xn--80au.xn--90a3ac
5680,xn--90a3ac
5681,xn--90ae
5682,xn--90ais
5683,xn--90azh.xn--90a3ac
5684,xn--9dbq2a
5685,xn--9et52u
5686,xn--9krt00a
5687,xn--b4w605ferd
5688,xn--bck1b9a5dre4c
5689,xn--c1avg
5690,xn--c1avg.xn--90a3ac
5691,xn--c2br7g
5692,xn--cck2b3b
5693,xn--cg4bki
5694,xn--clchc0ea0b2g2a9gcd
5695,xn--czr694b
5696,xn--czrs0t
5697,xn--czru2d
5698,xn--d1acj3b
5699,xn--d1alf
5700,xn--e1a4c
5701,xn--eckvdtc9d
5702,xn--efvn9s.jp
5703,xn--efvy88h
5704,xn--estv75g
5705,xn--fct429k
5706,xn--fhbei
5707,xn--fiq228c5hs
5708,xn--fiq64b
5709,xn--fiqs8s
5710,xn--fiqz9s
5711,xn--fjq720a
5712,xn--flor-jra.no
5713,xn--flw351e
5714,xn--fpcrj9c3d
5715,xn--fzc2c9e2c
5716,xn--fzys8d69uvgm
5717,xn--g2xx48c
5718,xn--gckr3f0f
5719,xn--gk3at1e
5720,xn--h2brj9c
5721,xn--h3cuzk1di.xn--o3cw4h
5722,xn--hxt814e
5723,xn--i1b6b1a6a2e
5724,xn--imr513n
5725,xn--io0a7i
5726,xn--j1aef
5727,xn--j1amh
5728,xn--j6w193g
5729,xn--jlq61u9w7b
5730,xn--jvr189m
5731,xn--karmy-yua.no
5732,xn--kcrx77d1x4a
5733,xn--kprw13d
5734,xn--kpry57d
5735,xn--kpu716f
5736,xn--kput3i
5737,xn--l1acc
5738,xn--lgbbat1ad8j
5739,xn--mgb9awbf
5740,xn--mgba3a4f16a
5741,xn--mgba3a4f16a.ir
5742,xn--mgba7c0bbn0a
5743,xn--mgbaakc7dvf
5744,xn--mgbaam7a8h
5745,xn--mgbab2bd
5746,xn--mgbai9azgqp6j
5747,xn--mgbayh7gpa
5748,xn--mgbb9fbpob
5749,xn--mgbbh1a71e
5750,xn--mgbc0a9azcg
5751,xn--mgbca7dzdo
5752,xn--mgberp4a5d4ar
5753,xn--mgbpl2fh
5754,xn--mgbt3dhd
5755,xn--mgbx4cd0ab
5756,xn--mix082f
5757,xn--mix891f
5758,xn--mk1bu44c
5759,xn--mxtq1m
5760,xn--mxtq1m.xn--j6w193g
5761,xn--ngbc5azd
5762,xn--ngbrx
5763,xn--node
5764,xn--nqv7f
5765,xn--nqv7fs00ema
5766,xn--nyqy26a
5767,xn--o1ac.xn--90a3ac
5768,xn--o3cw4h
5769,xn--ogbpf8fl
5770,xn--otu796d
5771,xn--p1acf
5772,xn--p1ai
5773,xn--pbt977c
5774,xn--pgbs0dh
5775,xn--pssy2u
5776,xn--q9jyb4c
5777,xn--qxam
5778,xn--rhqv96g
5779,xn--rovu88b
5780,xn--s9brj9c
5781,xn--ses554g
5782,xn--t60b56a
5783,xn--tckwe
5784,xn--uc0atv.xn--j6w193g
5785,xn--unup4y
5786,xn--vermgensberater-ctb
5787,xn--vermgensberatung-pwb
5788,xn--vhquv
5789,xn--vuq861b
5790,xn--w4r85el8fhu5dnra
5791,xn--w4rs40l
5792,xn--wcvs22d.hk
5793,xn--wcvs22d.xn--j6w193g
5794,xn--wgbh1c
5795,xn--wgbl6a
5796,xn--xhq521b
5797,xn--xkc2al3hye2a
5798,xn--y9a3aq
5799,xn--yfro4i67o
5800,xn--ygbi2ammx
5801,xn--zfr164b
5802,xnbay.com
5803,xs4all.space
5804,xxx
5805,xyz
5806,xz.cn
5807,y.se
5808,yabu.hyogo.jp
5809,yachiyo.chiba.jp
5810,yachts
5811,yaese.okinawa.jp
5812,yahoo
5813,yaita.tochigi.jp
5814,yaizu.shizuoka.jp
5815,yakage.okayama.jp
5816,yakumo.hokkaido.jp
5817,yalta.ua
5818,yamada.fukuoka.jp
5819,yamada.iwate.jp
5820,yamada.toyama.jp
5821,yamaga.kumamoto.jp
5822,yamagata.gifu.jp
5823,yamagata.jp
5824,yamagata.nagano.jp
5825,yamagata.yamagata.jp
5826,yamaguchi.jp
5827,yamamoto.miyagi.jp
5828,yamanakako.yamanashi.jp
5829,yamanashi.jp
5830,yamanouchi.nagano.jp
5831,yamato.kanagawa.jp
5832,yamatotakada.nara.jp
5833,yamaxun
5834,yamazoe.nara.jp
5835,yame.fukuoka.jp
5836,yanagawa.fukuoka.jp
5837,yanaizu.fukushima.jp
5838,yandex
5839,yao.osaka.jp
5840,yaotsu.gifu.jp
5841,yasu.shiga.jp
5842,yasugi.shimane.jp
5843,yawata.kyoto.jp
5844,yawatahama.ehime.jp
5845,ye
5846,yk.ca
5847,yn.cn
5848,yodobashi
5849,yoga
5850,yoka.hyogo.jp
5851,yokkaichi.mie.jp
5852,yokohama
5853,yokohama.jp
5854,yokosuka.kanagawa.jp
5855,yokote.akita.jp
5856,yolasite.com
5857,yonezawa.yamagata.jp
5858,yono.saitama.jp
5859,yorkshire.museum
5860,yoshimi.saitama.jp
5861,yoshino.nara.jp
5862,you
5863,youtube
5864,yt
5865,yuasa.wakayama.jp
5866,yufu.oita.jp
5867,yugawara.kanagawa.jp
5868,yuki.ibaraki.jp
5869,yukuhashi.fukuoka.jp
5870,yun
5871,yura.wakayama.jp
5872,yurihonjo.akita.jp
5873,yusuhara.kochi.jp
5874,z.se
5875,za.bz
5876,za.com
5877,za.net
5878,za.org
5879,zachpomor.pl
5880,zagan.pl
5881,zakopane.pl
5882,zama.kanagawa.jp
5883,zamami.okinawa.jp
5884,zao.miyagi.jp
5885,zaporizhzhe.ua
5886,zappos
5887,zapto.org
5888,zapto.xyz
5889,zara
5890,zarow.pl
5891,zentsuji.kagawa.jp
5892,zero
5893,zgora.pl
5894,zgorzelec.pl
5895,zhitomir.ua
5896,zhytomyr.ua
5897,zip
5898,zj.cn
5899,zm
5900,zone
5901,zone.id
5902,zp.gov.pl
5903,zp.ua
5904,zt.ua
5905,zuerich
5906,zushi.kanagawa.jp
5907,zw
